Timestamp,PixelX,PixelY,IsValid,GazeOriginX,GazeOriginY,GazeOriginZ,GazeDirectionX,GazeDirectionY,GazeDirectionZ
498.1617,123,193,1,0.04519565,0.08290416,-0.05168439,-0.1071816,-0.09220494,0.9899548
498.1703,123,193,1,0.0451524,0.08290435,-0.05167444,-0.1070601,-0.09210269,0.9899774
498.1767,123,194,1,0.04511018,0.08290569,-0.05166602,-0.1069534,-0.09200915,0.9899977
498.1922,124,194,1,0.04506997,0.08290552,-0.05165969,-0.1068581,-0.09192051,0.9900162
498.2072,124,194,1,0.04502686,0.08290668,-0.05165076,-0.1067613,-0.0918121,0.9900367
498.2248,124,195,1,0.04498729,0.08290765,-0.05164422,-0.106659,-0.09170701,0.9900573
498.2414,125,195,1,0.04497581,0.08291067,-0.05163294,-0.1065483,-0.09157978,0.9900811
498.2577,125,195,1,0.04496606,0.08291428,-0.05162438,-0.1064415,-0.09142023,0.9901074
498.2756,125,196,1,0.04498322,0.08291134,-0.0516167,-0.1063373,-0.09125924,0.9901334
498.2935,125,196,1,0.04499973,0.08290792,-0.05160565,-0.1062364,-0.09111737,0.9901573
498.3089,126,197,1,0.04500521,0.08290184,-0.05159739,-0.1061336,-0.09094876,0.9901838
498.3242,126,197,1,0.04501119,0.08289653,-0.05158983,-0.1060372,-0.09080409,0.9902074
498.3405,126,197,1,0.0449925,0.08289282,-0.05158103,-0.105932,-0.09066393,0.9902315
498.3579,127,198,1,0.04497426,0.08288484,-0.05157455,-0.1058349,-0.090546,0.9902527
498.374,127,198,1,0.04497555,0.0828784,-0.05156625,-0.1057366,-0.09047461,0.9902698
498.3919,127,198,1,0.04497721,0.08287077,-0.0515607,-0.1056572,-0.09039512,0.9902855
498.408,127,198,1,0.04498641,0.08286185,-0.05155629,-0.10559,-0.09028411,0.9903027
498.4249,127,199,1,0.04499704,0.08285462,-0.051553,-0.1055386,-0.09017812,0.9903179
498.4443,127,199,1,0.04502493,0.0828502,-0.05154568,-0.1057216,-0.09020971,0.9902955
498.46,126,199,1,0.04505286,0.08284687,-0.0515414,-0.1059034,-0.09022576,0.9902746
498.4758,126,198,1,0.04510402,0.08284128,-0.05153341,-0.1062093,-0.0903788,0.9902279
498.4927,125,198,1,0.04515434,0.0828383,-0.05152692,-0.106503,-0.09052053,0.9901835
498.5093,124,197,1,0.04522728,0.08283162,-0.05152168,-0.1068633,-0.09075665,0.990123
498.5254,123,196,1,0.0452977,0.08282528,-0.05151619,-0.1072072,-0.09097723,0.9900655
498.5412,122,196,1,0.04540079,0.08281501,-0.05150985,-0.1076071,-0.09130093,0.9899923
498.5579,121,195,1,0.04550105,0.08280496,-0.05150428,-0.1079942,-0.09161796,0.9899209
498.5754,120,194,1,0.04559906,0.08279644,-0.05149945,-0.1084164,-0.09197403,0.9898418
498.5923,119,193,1,0.04569428,0.08278684,-0.05149398,-0.1088226,-0.09231251,0.9897656
498.6079,118,192,1,0.04576206,0.08277687,-0.05149178,-0.1092047,-0.09271043,0.9896864
498.6251,117,190,1,0.04582751,0.08276697,-0.0514888,-0.1095758,-0.09309337,0.9896094
498.6418,116,189,1,0.04591989,0.08275398,-0.05148698,-0.1099866,-0.09351172,0.9895244
498.66,115,188,1,0.04601045,0.08274122,-0.05148099,-0.1103817,-0.0939201,0.9894417
498.6768,114,187,1,0.04608618,0.0827307,-0.0514746,-0.110753,-0.09432375,0.9893619
498.6933,113,186,1,0.0461608,0.08271969,-0.05146683,-0.11111,-0.0947135,0.9892845
498.7098,112,185,1,0.04622768,0.08271345,-0.05146084,-0.1114721,-0.09504194,0.9892123
498.7256,111,184,1,0.04629395,0.08270448,-0.05145223,-0.1118082,-0.09534723,0.989145
498.7434,110,183,1,0.04636809,0.08269341,-0.05144501,-0.1121254,-0.0957914,0.9890662
498.7574,109,182,1,0.04644131,0.08268426,-0.05143633,-0.1124178,-0.09622955,0.9889904
498.7741,108,180,1,0.04650141,0.08267531,-0.05142891,-0.1127044,-0.0967539,0.9889067
498.7908,108,179,1,0.0465594,0.08266658,-0.05141952,-0.1129743,-0.09725806,0.9888265
498.8078,107,177,1,0.04659575,0.08265866,-0.05140927,-0.1132217,-0.09783291,0.9887414
498.8248,106,176,1,0.04662972,0.08265016,-0.05139786,-0.113461,-0.09837744,0.98866
498.8418,106,174,1,0.04665005,0.08264256,-0.0513864,-0.1136974,-0.09896058,0.9885746
498.8596,105,172,1,0.04666853,0.08262909,-0.05137244,-0.1139379,-0.09951767,0.9884909
498.8763,104,171,1,0.04664963,0.08262096,-0.05136104,-0.1141818,-0.1001216,0.9884018
498.8927,104,169,1,0.04663349,0.0826197,-0.05134513,-0.1144263,-0.1006981,0.988315
498.9093,103,168,1,0.04659156,0.08262245,-0.05132617,-0.1146741,-0.1012485,0.98823
498.9243,102,166,1,0.04655071,0.08261751,-0.0513078,-0.1149176,-0.1017925,0.9881458
498.9411,101,164,1,0.04648199,0.08261103,-0.05128842,-0.1151269,-0.1023906,0.9880597
498.9587,101,163,1,0.04641712,0.08260711,-0.05126923,-0.1153192,-0.1029956,0.9879743
498.975,100,161,1,0.04633407,0.08261044,-0.05124722,-0.1154941,-0.1035703,0.9878939
498.992,100,159,1,0.04625336,0.08261142,-0.05122463,-0.1156478,-0.1041107,0.9878191
499.008,99,158,1,0.04615559,0.08261164,-0.05120506,-0.1158264,-0.1046885,0.9877371
499.0246,99,156,1,0.04606104,0.08261289,-0.05118541,-0.1160113,-0.1052478,0.9876559
499.0433,98,155,1,0.04594605,0.08261338,-0.05116407,-0.116215,-0.105794,0.9875736
499.0593,97,153,1,0.04583593,0.08261074,-0.05114222,-0.1164265,-0.1063226,0.987492
499.0772,96,152,1,0.04571739,0.08260759,-0.0511229,-0.1166782,-0.1068761,0.9874026
499.0934,96,150,1,0.04560343,0.08260341,-0.05110554,-0.1169284,-0.1074138,0.9873145
499.1096,95,149,1,0.04546904,0.08259811,-0.05108682,-0.1171636,-0.1079299,0.9872304
499.1259,94,147,1,0.04534198,0.08259559,-0.0510677,-0.1173846,-0.1084417,0.9871481
499.1411,93,146,1,0.04522384,0.08259707,-0.05104517,-0.1175904,-0.1090387,0.9870578
499.158,93,144,1,0.04511185,0.0826005,-0.05102175,-0.1177837,-0.1095704,0.9869758
499.1743,92,143,1,0.0450369,0.08259504,-0.0510011,-0.1180036,-0.1100899,0.9868917
499.1921,91,141,1,0.04496475,0.08258677,-0.05098296,-0.1182163,-0.1106147,0.9868076
499.2074,91,140,1,0.04489576,0.08258244,-0.05096436,-0.1183698,-0.1111365,0.9867306
499.2253,90,138,1,0.04483184,0.08258068,-0.05094515,-0.1185148,-0.1116288,0.9866576
499.242,90,137,1,0.04476852,0.08257618,-0.050925,-0.1186384,-0.1120951,0.9865899
499.259,90,136,1,0.04470763,0.08257274,-0.05090622,-0.1187467,-0.1125519,0.9865249
499.2753,89,134,1,0.04469758,0.08256549,-0.05089189,-0.1188716,-0.1130226,0.986456
499.2928,89,133,1,0.0446897,0.08256253,-0.05087929,-0.1189908,-0.1134667,0.9863907
499.3095,88,132,1,0.04472452,0.08255731,-0.05087042,-0.1191313,-0.1138446,0.9863302
499.326,88,131,1,0.04475876,0.08254848,-0.05086434,-0.1192702,-0.1141999,0.9862722
499.3412,88,130,1,0.04481686,0.0825424,-0.05086106,-0.1194128,-0.1145533,0.986214
499.3572,87,129,1,0.04487377,0.0825378,-0.05086108,-0.1195526,-0.1148754,0.9861596
499.3742,87,128,1,0.04494352,0.0825348,-0.05086145,-0.1197065,-0.1154667,0.9860719
499.3915,87,126,1,0.04501073,0.08253051,-0.0508627,-0.1198449,-0.1160147,0.9859908
499.4077,86,124,1,0.045091,0.08252791,-0.05086629,-0.1199542,-0.1167489,0.9858907
499.4249,86,122,1,0.04516787,0.08252589,-0.05087077,-0.1200469,-0.1174275,0.985799
499.4423,86,120,1,0.04524015,0.08252236,-0.05087538,-0.1200797,-0.1182312,0.9856989
499.4618,86,118,1,0.04530719,0.08252149,-0.05088132,-0.1201093,-0.1190056,0.9856021
499.4776,86,115,1,0.04536491,0.08252023,-0.05088925,-0.1200899,-0.1198433,0.9855029
499.4931,86,113,1,0.04541944,0.08251907,-0.05089638,-0.1200744,-0.1206494,0.9854065
499.5092,86,111,1,0.04546443,0.08251701,-0.05090286,-0.1201417,-0.1215178,0.9852916
499.5248,86,108,1,0.04550591,0.08251549,-0.0509102,-0.1202194,-0.1223508,0.9851789
499.5411,85,106,1,0.04556005,0.08250979,-0.05091974,-0.1203025,-0.1232195,0.9850605
499.5574,85,103,1,0.04561154,0.0825059,-0.05092712,-0.1203876,-0.1240634,0.9849442
499.5744,85,101,1,0.04565607,0.0825005,-0.05093357,-0.1204694,-0.1249204,0.9848259
499.5919,85,99,1,0.04569677,0.08249497,-0.05094105,-0.1205515,-0.1257529,0.9847099
499.608,84,96,1,0.04573123,0.08249065,-0.05094976,-0.1206332,-0.1265609,0.9845964
499.6258,84,94,1,0.04576495,0.08248754,-0.05095806,-0.1207119,-0.1273367,0.9844867
499.6438,84,92,1,0.04577822,0.08248323,-0.05096626,-0.1207542,-0.1280926,0.9843834
499.6599,84,90,1,0.04579196,0.08248148,-0.05097456,-0.1207982,-0.1288267,0.9842822
499.6778,84,88,1,0.04582042,0.0824777,-0.05098362,-0.1208849,-0.129561,0.9841752
499.6937,83,86,1,0.04584723,0.08247424,-0.05099366,-0.1209701,-0.1302549,0.984073
499.7084,83,84,1,0.04587901,0.08246767,-0.05100597,-0.1210229,-0.1309077,0.98398
499.7251,83,82,1,0.04590831,0.08246315,-0.05101617,-0.121072,-0.1315445,0.983889
499.742,83,80,1,0.04596071,0.08245793,-0.05102769,-0.121163,-0.1321723,0.9837937
499.7593,83,79,1,0.04601141,0.08245336,-0.05103968,-0.1212455,-0.1327661,0.9837036
499.7752,83,77,1,0.04609406,0.08244818,-0.05105271,-0.121288,-0.1333071,0.9836252
499.7922,83,76,1,0.0461731,0.082442,-0.05106502,-0.1213253,-0.1338206,0.9835508
499.8086,82,74,1,0.04629295,0.0824332,-0.05107864,-0.121396,-0.1343252,0.9834733
499.8269,82,73,1,0.04640665,0.0824208,-0.05108905,-0.1214616,-0.1348078,0.9833992
499.8437,82,72,1,0.04648858,0.08241595,-0.05110348,-0.1214678,-0.1352982,0.983331
499.8597,82,70,1,0.04656736,0.08241673,-0.05111038,-0.1214719,-0.1357342,0.9832705
499.8768,82,69,1,0.04662883,0.08241512,-0.05112056,-0.121468,-0.1361303,0.9832162
499.8931,82,68,1,0.04668607,0.08241047,-0.05112857,-0.1214583,-0.1365383,0.9831608
499.9099,83,67,1,0.0467724,0.0824004,-0.05113981,-0.1214381,-0.1369639,0.9831041
499.927,83,66,1,0.04685618,0.08239499,-0.05114877,-0.1214025,-0.1373871,0.9830495
499.9417,83,65,1,0.04691485,0.08239336,-0.05115709,-0.1213293,-0.1377814,0.9830033
499.9579,83,63,1,0.0469691,0.08238983,-0.0511672,-0.1212497,-0.1381632,0.9829596
499.9748,83,62,1,0.0470197,0.08238588,-0.05117872,-0.1211873,-0.1385341,0.982915
499.9916,83,61,1,0.04706715,0.0823777,-0.05119091,-0.1211431,-0.1389035,0.9828683
500.0077,84,61,1,0.04710048,0.08237338,-0.05120153,-0.1211001,-0.1391954,0.9828323
500.024,84,60,1,0.04713229,0.08236749,-0.05121405,-0.1210752,-0.1394738,0.9827959
500.0423,84,59,1,0.04716351,0.0823584,-0.05122406,-0.1210413,-0.1396894,0.9827695
500.0597,84,58,1,0.04719246,0.08234838,-0.05123426,-0.1210205,-0.1399194,0.9827393
500.0749,84,58,1,0.04720842,0.08234282,-0.05124515,-0.1209655,-0.1399789,0.9827377
500.0913,84,58,1,0.04722383,0.08233612,-0.05125621,-0.1209171,-0.1400437,0.9827344
500.107,84,58,1,0.04724991,0.08233238,-0.0512648,-0.1208945,-0.1399145,0.9827555
500.1258,84,59,1,0.04727671,0.08232698,-0.05127114,-0.1208739,-0.1397598,0.9827801
500.1422,85,60,1,0.04728095,0.08232187,-0.05127701,-0.12083,-0.1394983,0.9828226
500.1571,85,60,1,0.04728414,0.08231517,-0.05128482,-0.1207891,-0.1392761,0.9828591
500.174,85,61,1,0.04730817,0.0823098,-0.05129128,-0.1207542,-0.1389975,0.9829029
500.1916,85,62,1,0.04733353,0.08230521,-0.05129752,-0.1207156,-0.1387302,0.9829454
500.2073,85,63,1,0.04739415,0.08230235,-0.051303,-0.1206593,-0.1384154,0.9829968
500.2253,85,64,1,0.04745094,0.08229762,-0.05131245,-0.1206042,-0.1381115,0.9830462
500.2428,85,64,1,0.04752702,0.08229022,-0.05132042,-0.1206046,-0.1378005,0.9830898
500.2582,85,65,1,0.04760138,0.08228314,-0.05132959,-0.1206125,-0.1375124,0.9831292
500.2754,85,66,1,0.04772234,0.08227278,-0.05133931,-0.120657,-0.1372222,0.9831642
500.2928,85,67,1,0.04784041,0.08226333,-0.05135186,-0.120701,-0.1369352,0.9831988
500.3077,85,68,1,0.04793475,0.08225583,-0.05136089,-0.120704,-0.1366088,0.9832439
500.3258,86,69,1,0.04802704,0.08224972,-0.05137276,-0.1207011,-0.1362739,0.9832908
500.3419,86,71,1,0.04810996,0.08224448,-0.0513857,-0.120751,-0.1355571,0.9833837
500.3584,86,73,1,0.04819299,0.08224294,-0.05139591,-0.1207833,-0.13487,0.9834741
500.3758,85,75,1,0.04828301,0.0822442,-0.05140442,-0.1208736,-0.1340038,0.9835814
500.3929,85,77,1,0.04837026,0.08224447,-0.05141443,-0.1209531,-0.1331541,0.9836871
500.4084,85,80,1,0.04842921,0.08224789,-0.05142302,-0.1210672,-0.1322024,0.9838015
500.4259,85,83,1,0.04848621,0.08225016,-0.05143175,-0.1211739,-0.131297,0.9839095
500.443,84,85,1,0.04854802,0.08225466,-0.05144173,-0.1213463,-0.1303918,0.9840087
500.459,84,88,1,0.04860752,0.082261,-0.05145162,-0.1215119,-0.1295047,0.9841054
500.4757,84,90,1,0.04866675,0.08226659,-0.05146084,-0.1216957,-0.1285903,0.9842026
500.4931,83,93,1,0.04872319,0.08227216,-0.05147037,-0.1218722,-0.1277141,0.9842948
500.5087,83,95,1,0.04875832,0.08227942,-0.05147743,-0.1220598,-0.1268323,0.9843856
500.5265,82,98,1,0.04879101,0.08228821,-0.05148433,-0.1222449,-0.125969,0.9844735
500.5429,82,100,1,0.04879114,0.08229856,-0.05149285,-0.1223886,-0.1250895,0.9845678
500.5594,82,103,1,0.04879234,0.08230881,-0.05149779,-0.122524,-0.1242537,0.9846567
500.5762,81,105,1,0.04874776,0.08232326,-0.05150019,-0.1226266,-0.1234373,0.9847466
500.5938,81,107,1,0.04870647,0.08233709,-0.05150421,-0.1227252,-0.1226346,0.9848347
500.6089,81,109,1,0.04862492,0.08234909,-0.05150443,-0.1228145,-0.1218644,0.9849192
500.6263,80,111,1,0.04854691,0.08236364,-0.05150441,-0.1228992,-0.1211398,0.9849979
500.6428,80,113,1,0.0484967,0.08237851,-0.05150172,-0.1230097,-0.1204477,0.985069
500.6609,80,115,1,0.04844758,0.08238898,-0.05149793,-0.1231125,-0.1197844,0.9851371
500.6759,79,117,1,0.04841946,0.08239746,-0.05149323,-0.123256,-0.1191847,0.9851918
500.693,79,118,1,0.04839156,0.08240552,-0.05148816,-0.1233893,-0.1186358,0.9852414
500.7072,79,120,1,0.04834583,0.08241352,-0.0514814,-0.1234779,-0.1181461,0.9852891
500.7252,79,121,1,0.04830063,0.08242229,-0.05147057,-0.1235653,-0.1176759,0.9853345
500.7415,78,122,1,0.04824466,0.08242554,-0.0514602,-0.1236604,-0.1171799,0.9853816
500.7581,78,124,1,0.04819263,0.08243264,-0.05145047,-0.1237584,-0.116729,0.9854229
500.7747,78,125,1,0.04808814,0.08244137,-0.05143802,-0.123823,-0.1162815,0.9854676
500.7903,78,126,1,0.04798719,0.08244985,-0.05142618,-0.1238804,-0.1158424,0.9855121
500.8065,77,127,1,0.04788871,0.08245283,-0.05141162,-0.1239331,-0.1154184,0.9855553
500.8243,77,129,1,0.04779713,0.08245671,-0.05139576,-0.1239757,-0.1150216,0.9855963
500.8434,77,130,1,0.04771905,0.08246873,-0.05137772,-0.1240317,-0.1146244,0.9856356
500.8583,77,131,1,0.04764425,0.08248148,-0.05135346,-0.124079,-0.1141843,0.9856807
500.8748,77,132,1,0.04757273,0.08248974,-0.05133137,-0.1240923,-0.1137404,0.9857304
500.8918,77,133,1,0.04750159,0.08248935,-0.05131304,-0.1240999,-0.1133643,0.9857727
500.9095,77,134,1,0.04744212,0.08249276,-0.05129693,-0.1241249,-0.1130241,0.9858086
500.9252,76,135,1,0.04738842,0.08250034,-0.05128182,-0.1241475,-0.1126954,0.9858434
500.9413,76,136,1,0.04734783,0.0825026,-0.05126346,-0.1241746,-0.1123347,0.9858811
500.9577,76,137,1,0.04730546,0.08250197,-0.05124824,-0.1242027,-0.1120009,0.9859155
500.9751,76,138,1,0.04725266,0.08249921,-0.05123327,-0.1242609,-0.1117253,0.9859395
500.9924,76,139,1,0.04720374,0.08250119,-0.05121695,-0.1243288,-0.1114584,0.9859611
501.0075,76,139,1,0.04710114,0.08250629,-0.05120157,-0.1243291,-0.1111664,0.985994
501.0254,76,140,1,0.04700413,0.0825078,-0.05118793,-0.1243321,-0.1108851,0.9860253
501.0422,75,147,1,0.04712106,0.08251404,-0.05118005,-0.124651,-0.1085445,0.9862455
501.0583,74,153,1,0.04723294,0.08251949,-0.0511729,-0.1249651,-0.1062999,0.9864502
501.076,74,159,1,0.04747274,0.08251639,-0.05116222,-0.1253233,-0.1041526,0.9866338
501.0934,73,165,1,0.04770618,0.08251464,-0.05115707,-0.1256658,-0.1021123,0.9868035
501.1097,72,170,1,0.0479116,0.08251651,-0.05114295,-0.1259944,-0.1000827,0.9869696
501.1257,71,176,1,0.04810962,0.0825167,-0.05113159,-0.1263098,-0.09812976,0.9871253
501.1417,57,307,1,0.05196413,0.08246168,-0.05080314,-0.1329905,-0.05075321,0.989817
501.1576,57,307,1,0.05196324,0.08246318,-0.05080513,-0.1329991,-0.05076984,0.9898149
501.1751,57,307,1,0.05192383,0.08247159,-0.05080967,-0.1329878,-0.05073417,0.9898183
501.1916,57,307,1,0.05188824,0.08247947,-0.05081074,-0.1329706,-0.05069824,0.9898225
501.2076,57,307,1,0.05185906,0.08248551,-0.05081537,-0.1329509,-0.05058231,0.9898311
501.2252,57,308,1,0.05183152,0.08248904,-0.05082338,-0.1329368,-0.05047646,0.9898383
501.2418,57,308,1,0.05181101,0.08249259,-0.0508331,-0.1329516,-0.05032078,0.9898442
501.2597,57,309,1,0.05179339,0.08250007,-0.05084094,-0.1329665,-0.05015034,0.9898509
501.2772,57,309,1,0.05180052,0.08250577,-0.05085162,-0.1330101,-0.04992319,0.9898565
501.2939,57,310,1,0.05180806,0.08250929,-0.05086517,-0.1330549,-0.04970319,0.9898616
501.3082,57,311,1,0.05181348,0.08251818,-0.05087686,-0.1330858,-0.04944914,0.9898702
501.325,57,311,1,0.05182087,0.082527,-0.05088811,-0.1331037,-0.04918009,0.9898812
501.3421,56,312,1,0.05185925,0.08253498,-0.05089999,-0.1331596,-0.04891093,0.9898871
501.3589,56,313,1,0.05189685,0.08254237,-0.05091349,-0.1332047,-0.04863968,0.9898943
501.3748,56,314,1,0.0519459,0.08254925,-0.05092933,-0.1332322,-0.04836638,0.989904
501.393,56,314,1,0.05199448,0.08255482,-0.05094364,-0.133254,-0.04810206,0.9899139
501.4086,56,315,1,0.0520426,0.08256257,-0.05095953,-0.1333049,-0.04785179,0.9899192
501.4264,56,316,1,0.05208908,0.08256759,-0.05097617,-0.1333539,-0.04761685,0.9899238
501.4432,56,317,1,0.05215041,0.08257246,-0.05099888,-0.1333379,-0.04716384,0.9899478
501.4614,56,318,1,0.05221118,0.08257772,-0.05101859,-0.1333192,-0.04672188,0.9899713
501.477,56,320,1,0.05231684,0.08257806,-0.0510382,-0.1332998,-0.046007,0.9900073
501.4927,57,322,1,0.05242018,0.08258121,-0.05105677,-0.1332833,-0.04531673,0.9900414
501.508,57,325,1,0.05257442,0.08258083,-0.05107659,-0.1332729,-0.04443707,0.9900826
501.5251,57,327,1,0.05272534,0.08257896,-0.05109588,-0.1332577,-0.0435946,0.9901221
501.5429,57,329,1,0.05288829,0.08257867,-0.05111187,-0.1332076,-0.0426397,0.9901705
501.56,58,332,1,0.05304709,0.08257779,-0.05112735,-0.1331559,-0.04170367,0.9902173
501.5758,58,335,1,0.05322203,0.08257457,-0.05114615,-0.1331237,-0.04071708,0.9902627
501.5931,58,337,1,0.05339272,0.08257016,-0.05115994,-0.1330786,-0.03976987,0.9903072
501.6093,58,340,1,0.05356588,0.082569,-0.05117695,-0.1330458,-0.03879476,0.9903504
501.6267,59,343,1,0.05373493,0.08256839,-0.05119126,-0.1330014,-0.03785858,0.9903925
501.6438,59,345,1,0.05392261,0.08256292,-0.05120396,-0.1329435,-0.03693525,0.9904352
501.667,59,348,1,0.05410429,0.08256149,-0.05121762,-0.1328825,-0.03605296,0.9904758
501.6765,60,350,1,0.05429389,0.08255715,-0.05122947,-0.1328032,-0.03516891,0.9905183
501.6915,60,352,1,0.0544764,0.08255183,-0.05123971,-0.1327199,-0.03431334,0.9905595
501.7092,60,355,1,0.05469078,0.08254539,-0.05125082,-0.132689,-0.03346782,0.9905925
501.725,60,357,1,0.05489859,0.08253389,-0.05125797,-0.1326624,-0.03265648,0.9906232
501.7417,61,359,1,0.05509547,0.08252966,-0.05126678,-0.1326561,-0.03191666,0.9906481
501.7581,61,361,1,0.05528792,0.0825306,-0.05126848,-0.1326484,-0.0311676,0.9906729
501.7744,61,363,1,0.05545942,0.08252952,-0.05127287,-0.1325948,-0.03039252,0.9907042
501.7919,61,365,1,0.05562505,0.08252139,-0.05127487,-0.1325421,-0.02967624,0.990733
501.8072,62,367,1,0.05574966,0.08251419,-0.05127427,-0.1324618,-0.02902037,0.9907632
501.825,62,369,1,0.05587222,0.08251236,-0.05126935,-0.1323788,-0.02841868,0.9907917
501.841,62,370,1,0.05597539,0.08251221,-0.05126433,-0.1323391,-0.02781237,0.9908142
501.8602,62,372,1,0.05607431,0.08251002,-0.05125708,-0.1322872,-0.02722931,0.9908374
501.8748,63,373,1,0.05618897,0.0825009,-0.05124994,-0.1322689,-0.02671304,0.9908539
501.8914,63,375,1,0.05629945,0.08249381,-0.05124247,-0.1322599,-0.02623205,0.9908679
501.9084,63,376,1,0.05640678,0.08248529,-0.05123028,-0.1322412,-0.02572797,0.9908836
501.9246,63,377,1,0.05651007,0.0824734,-0.05122135,-0.1322402,-0.0252653,0.9908956
501.9407,63,378,1,0.0566326,0.08246331,-0.05120986,-0.1322719,-0.02484252,0.9909021
501.9586,63,380,1,0.05675174,0.08245337,-0.05119775,-0.1323077,-0.0244369,0.9909074
501.9749,63,381,1,0.05690337,0.08244041,-0.05118819,-0.1323917,-0.02399316,0.990907
501.9916,63,382,1,0.05705141,0.08242523,-0.05117799,-0.1324676,-0.02358308,0.9909068
502.0078,63,383,1,0.05714593,0.08241923,-0.05116793,-0.1324693,-0.02317622,0.9909161
502.0252,63,384,1,0.05723993,0.08241404,-0.05115623,-0.1324636,-0.02275068,0.9909267
502.0427,64,391,1,0.05705468,0.08243868,-0.05114561,-0.1319045,-0.02033548,0.9910538
502.06,66,397,1,0.05687671,0.08245882,-0.05113603,-0.1313598,-0.01804284,0.9911705
502.0769,67,403,1,0.05688819,0.08246997,-0.05112667,-0.130881,-0.01591708,0.9912704
502.0939,68,409,1,0.05690056,0.08247988,-0.0511212,-0.1304294,-0.01388581,0.9913604
502.1096,70,414,1,0.05699885,0.08248542,-0.05111533,-0.1300341,-0.01196788,0.9914373
502.1252,71,419,1,0.05709301,0.08249285,-0.05111231,-0.1296503,-0.01012188,0.9915081
502.1417,95,540,1,0.06012402,0.08259313,-0.05104493,-0.1216162,0.03379399,0.9920017
502.1575,95,540,1,0.06012425,0.08259258,-0.05104609,-0.1216191,0.03379722,0.9920012
502.1759,95,540,1,0.06011955,0.08259495,-0.05104925,-0.1216673,0.03381668,0.9919947
502.1921,95,540,1,0.06011472,0.08259503,-0.05105433,-0.1217206,0.03384586,0.9919871
502.2081,95,540,1,0.06010835,0.08259496,-0.05105978,-0.1217616,0.03389338,0.9919806
502.2256,95,540,1,0.06010384,0.08259683,-0.05106616,-0.1217986,0.03394824,0.9919741
502.2421,95,540,1,0.06011902,0.08259618,-0.05107241,-0.1218537,0.03400283,0.9919655
502.2596,95,541,1,0.06013461,0.08259832,-0.05108143,-0.121897,0.03406725,0.991958
502.277,94,541,1,0.06016078,0.08260234,-0.05108535,-0.1219208,0.03412489,0.991953
502.2932,94,541,1,0.06018523,0.08260264,-0.05109305,-0.1219358,0.03418846,0.991949
502.3097,95,541,1,0.0601624,0.08260623,-0.05110072,-0.1218623,0.0342301,0.9919566
502.3256,95,541,1,0.06013951,0.08261193,-0.0511092,-0.1217892,0.03426006,0.9919645
502.3411,95,541,1,0.06011891,0.08261751,-0.0511164,-0.1217312,0.03430934,0.9919699
502.3574,95,541,1,0.06009838,0.08262446,-0.05112395,-0.121681,0.03436063,0.9919744
502.3741,95,542,1,0.06009062,0.08262795,-0.05113086,-0.1216621,0.0344047,0.9919751
502.3909,95,542,1,0.06008204,0.08263123,-0.0511388,-0.1216533,0.03443542,0.9919751
502.4083,95,542,1,0.06002923,0.08263746,-0.05114622,-0.1216314,0.03444419,0.9919775
502.4249,95,542,1,0.05997857,0.08264432,-0.05115501,-0.1216144,0.0344537,0.9919793
502.4422,95,542,1,0.05989252,0.08265334,-0.05116366,-0.1215773,0.03446241,0.9919835
502.4592,95,542,1,0.05980944,0.08265993,-0.05117357,-0.1215412,0.0344753,0.9919874
502.4773,95,543,1,0.05971211,0.08267117,-0.05118084,-0.1215531,0.03476633,0.9919759
502.4937,95,543,1,0.0596189,0.08268077,-0.05119001,-0.1215638,0.03504526,0.9919647
502.5091,95,545,1,0.05948869,0.08269341,-0.05120036,-0.1215386,0.03564203,0.9919466
502.5245,95,547,1,0.05936278,0.08270826,-0.05121223,-0.1215153,0.036224,0.9919284
502.5412,95,549,1,0.05922142,0.08272331,-0.05121955,-0.1214643,0.03703042,0.9919049
502.5578,95,551,1,0.0590861,0.08273958,-0.05122834,-0.1214162,0.03780271,0.9918815
502.5744,95,554,1,0.0588749,0.08276096,-0.05123989,-0.1212905,0.03872225,0.9918615
502.5916,95,556,1,0.05867187,0.08278169,-0.05125171,-0.1211712,0.03959527,0.9918416
502.6082,96,559,1,0.05838089,0.08280964,-0.05126405,-0.1210006,0.0405502,0.9918239
502.6256,96,561,1,0.05810056,0.08283667,-0.05127385,-0.1208338,0.04147116,0.9918061
502.6425,96,564,1,0.05779949,0.08286548,-0.05128648,-0.120663,0.04247398,0.9917845
502.6602,96,567,1,0.05751054,0.08289364,-0.05129906,-0.1204978,0.04345548,0.991762
502.6775,96,570,1,0.05717023,0.08292116,-0.05131157,-0.1203304,0.04450621,0.9917358
502.6936,97,572,1,0.05684358,0.08294613,-0.05132197,-0.1201719,0.04551012,0.9917094
502.7088,97,575,1,0.05647679,0.08297998,-0.05133304,-0.1200173,0.04650744,0.9916819
502.7264,97,578,1,0.05612517,0.0830179,-0.05133854,-0.1198664,0.04750443,0.9916528
502.7409,97,581,1,0.05574919,0.08305862,-0.05134649,-0.1197127,0.04852593,0.991622
502.7577,97,583,1,0.05538761,0.08309068,-0.05135298,-0.119563,0.04948088,0.9915929
502.7754,97,586,1,0.05501079,0.08312108,-0.05135915,-0.1194476,0.05038889,0.9915611
502.7917,97,588,1,0.0546499,0.08315618,-0.05136481,-0.1193234,0.05123677,0.9915325
502.8081,97,591,1,0.05423853,0.0831962,-0.05136802,-0.1191771,0.05208877,0.9915057
502.825,97,593,1,0.05384088,0.08323306,-0.05137137,-0.1190214,0.05290624,0.9914811
502.8417,98,595,1,0.05343379,0.08326732,-0.0513755,-0.1188629,0.05367306,0.9914589
502.8587,98,597,1,0.05304018,0.0832962,-0.05137957,-0.1187253,0.05439958,0.9914358
502.8758,98,599,1,0.05262773,0.08332663,-0.05138657,-0.1186227,0.05510068,0.9914094
502.894,97,601,1,0.05223459,0.08335306,-0.05139383,-0.1185384,0.05575474,0.9913829
502.9105,97,603,1,0.05184709,0.08338376,-0.05140254,-0.1184534,0.05640962,0.991356
502.9261,97,605,1,0.0514756,0.08341216,-0.05140794,-0.118368,0.05705153,0.9913295
502.9413,97,606,1,0.05113823,0.08343633,-0.05141425,-0.1182924,0.05769068,0.9913015
502.9571,97,608,1,0.0508142,0.0834578,-0.05142077,-0.1182067,0.05829394,0.9912764
502.974,97,610,1,0.05051494,0.08348388,-0.05142692,-0.118138,0.05885508,0.9912515
502.9913,97,611,1,0.05022859,0.08350786,-0.05143029,-0.1180633,0.05942807,0.9912262
503.0069,97,613,1,0.04997458,0.08352997,-0.05143366,-0.1180211,0.05998747,0.9911975
503.0245,97,614,1,0.0497293,0.08354944,-0.05144146,-0.1179782,0.06049386,0.9911718
503.0421,97,616,1,0.04954527,0.08356788,-0.05145068,-0.118049,0.06109553,0.9911265
503.0593,96,617,1,0.04936888,0.08358684,-0.05146172,-0.1181178,0.06167759,0.9910823
503.0758,96,619,1,0.04921166,0.08360693,-0.05147137,-0.1182377,0.06238003,0.991024
503.0922,95,621,1,0.04905777,0.08362542,-0.0514813,-0.1183552,0.06306066,0.9909669
503.1093,95,623,1,0.04892768,0.08364381,-0.05149086,-0.1185275,0.0638085,0.9908984
503.124,94,625,1,0.0488025,0.08365751,-0.05150435,-0.1186998,0.06453004,0.9908311
503.1408,94,628,1,0.04871034,0.08367311,-0.05151818,-0.1189018,0.06529683,0.9907566
503.1577,93,630,1,0.04862327,0.08368868,-0.05153084,-0.1190943,0.0660476,0.9906837
503.1747,92,632,1,0.04856023,0.08370302,-0.05154412,-0.1193135,0.06680271,0.9906067
503.1913,92,634,1,0.04850057,0.08371956,-0.05155525,-0.1195159,0.06753258,0.9905329
503.2083,91,636,1,0.04843939,0.08373764,-0.05156661,-0.1196589,0.06821223,0.990469
503.2252,91,638,1,0.04838033,0.08375535,-0.05157488,-0.1197789,0.06887645,0.9904085
503.2437,90,639,1,0.04833892,0.0837697,-0.05158203,-0.1198754,0.06948938,0.9903539
503.26,90,641,1,0.04829754,0.08378489,-0.0515888,-0.1199628,0.07007339,0.9903023
503.2771,90,642,1,0.0482576,0.08379862,-0.05159521,-0.1200475,0.07065972,0.9902504
503.2933,90,644,1,0.04821839,0.08381305,-0.05159938,-0.1201295,0.07121329,0.9902008
503.3085,89,646,1,0.04818074,0.08382622,-0.05160234,-0.120221,0.07174642,0.9901512
503.3253,89,647,1,0.04814317,0.08383919,-0.05160614,-0.1203233,0.0722442,0.9901026
503.3419,89,648,1,0.0480927,0.08385077,-0.05160615,-0.120421,0.07271641,0.9900562
503.3591,88,649,1,0.04804476,0.08386337,-0.05160978,-0.120522,0.07315868,0.9900112
503.3763,88,651,1,0.04799844,0.08387589,-0.05161025,-0.1206469,0.07354953,0.989967
503.3927,88,652,1,0.04795435,0.08388691,-0.05160975,-0.1207644,0.07392327,0.9899249
503.4087,87,653,1,0.04790814,0.08389815,-0.05161003,-0.1208275,0.07432245,0.9898874
503.4259,87,654,1,0.04786458,0.08390699,-0.05160683,-0.1208788,0.07471196,0.9898518
503.4427,87,655,1,0.04779218,0.08391917,-0.05160427,-0.1208979,0.07510501,0.9898197
503.4599,87,656,1,0.04772217,0.08392945,-0.0516004,-0.1209056,0.07548676,0.9897897
503.4767,87,657,1,0.04767044,0.08393824,-0.0515992,-0.1209234,0.07582901,0.9897614
503.4931,87,658,1,0.04762005,0.08395053,-0.05159543,-0.1209328,0.07616209,0.9897346
503.5095,87,659,1,0.04755158,0.08396373,-0.05159244,-0.1209187,0.07647401,0.9897124
503.5268,87,660,1,0.04748511,0.08397354,-0.05158797,-0.1209045,0.07676933,0.9896911
503.5434,87,660,1,0.04744444,0.08398156,-0.05158498,-0.1208898,0.07705687,0.9896706
503.5594,87,661,1,0.04740613,0.08399128,-0.05158203,-0.1208778,0.07733013,0.9896508
503.5747,89,662,1,0.04739956,0.08399539,-0.05157782,-0.1202295,0.07752571,0.9897144
503.5921,90,662,1,0.04739531,0.08399849,-0.05157247,-0.1195986,0.07770255,0.989777
503.6073,90,662,1,0.04739531,0.08399849,-0.05157247,-0.1195986,0.07770256,0.989777
503.6238,90,662,1,0.04739531,0.08399849,-0.05157247,-0.1195986,0.07770257,0.989777
503.642,94,662,1,0.04743748,0.08400183,-0.05156901,-0.1183097,0.07778934,0.9899251
503.6605,97,663,1,0.04747669,0.08400268,-0.0515605,-0.1170589,0.07786945,0.9900675
503.6749,102,662,1,0.04756463,0.08400056,-0.05155601,-0.1154125,0.07785597,0.9902617
503.6916,107,662,1,0.04764744,0.08399305,-0.05154753,-0.1138326,0.0778409,0.9904458
503.7075,112,662,1,0.04777847,0.08398575,-0.0515414,-0.11203,0.07776118,0.9906576
503.7252,117,662,1,0.04790706,0.08398669,-0.05153372,-0.1103048,0.07768377,0.9908572
503.7436,122,662,1,0.04806019,0.08398662,-0.05152148,-0.1084488,0.0776196,0.9910671
503.7636,127,661,1,0.04820502,0.08397937,-0.0515097,-0.1066655,0.07755591,0.9912657
503.7767,275,634,1,0.05350125,0.08342689,-0.05130273,-0.05452751,0.06817861,0.996182
503.7916,275,634,1,0.05350104,0.08343583,-0.05129861,-0.05452513,0.06811548,0.9961864
503.8081,276,633,1,0.05355129,0.08344293,-0.05129155,-0.05431455,0.06789815,0.9962128
503.825,277,633,1,0.05359875,0.0834503,-0.0512854,-0.05410378,0.06771571,0.9962366
503.8421,277,632,1,0.05368047,0.08344911,-0.05128371,-0.05382823,0.06738491,0.996274
503.8591,278,631,1,0.05375694,0.08344635,-0.05128054,-0.05358564,0.06705414,0.9963094
503.8765,279,630,1,0.05389047,0.0834419,-0.05127273,-0.05330234,0.06666823,0.9963505
503.8931,280,629,1,0.05401954,0.0834379,-0.05126635,-0.05303704,0.06630526,0.9963888
503.9079,281,628,1,0.05416548,0.08342985,-0.05126091,-0.05275869,0.06591022,0.9964298
503.925,282,627,1,0.05430716,0.08342427,-0.051254,-0.05248578,0.06553212,0.9964692
503.9421,282,626,1,0.05449391,0.08341403,-0.05124616,-0.05224536,0.06514297,0.9965073
503.9584,283,625,1,0.05467324,0.08340057,-0.05123761,-0.05200491,0.06478465,0.9965432
503.9751,284,624,1,0.05486296,0.08338717,-0.05123018,-0.05177493,0.06440192,0.99658
503.9937,285,623,1,0.05504722,0.08337718,-0.05121625,-0.05154366,0.06404103,0.9966152
504.0086,285,622,1,0.05525088,0.08336131,-0.05120254,-0.0513696,0.06367784,0.9966475
504.025,286,621,1,0.05544693,0.08334022,-0.05119263,-0.05120419,0.06328366,0.9966811
504.0419,287,620,1,0.05563096,0.08331933,-0.05118255,-0.0510339,0.06286679,0.9967163
504.0603,287,618,1,0.05580938,0.08330256,-0.05116971,-0.05087247,0.06244905,0.9967508
504.0758,288,617,1,0.05596817,0.08328594,-0.05115729,-0.05071731,0.06201922,0.9967855
504.094,288,616,1,0.05612098,0.08326901,-0.05114505,-0.05056151,0.06161206,0.9968187
504.1093,289,613,1,0.05627037,0.08324856,-0.05113416,-0.05050101,0.06057611,0.9968852
504.1248,289,610,1,0.05641643,0.08322936,-0.05112264,-0.05044467,0.05957812,0.9969482
504.1417,289,606,1,0.05651613,0.08321279,-0.05111182,-0.05033483,0.05807715,0.9970424
504.1578,290,602,1,0.05661324,0.0831975,-0.05110193,-0.05023495,0.05664963,0.9971296
504.1766,290,597,1,0.0566336,0.08318516,-0.05109262,-0.05009745,0.05488856,0.9972349
504.1953,290,593,1,0.05665564,0.08317477,-0.05108205,-0.04996349,0.05321645,0.9973323
504.2065,291,588,1,0.05664995,0.08316474,-0.05107078,-0.04984336,0.0513476,0.9974362
504.2235,291,583,1,0.05664619,0.08315455,-0.05106178,-0.04971602,0.04955385,0.9975333
504.242,291,578,1,0.05661133,0.08314551,-0.05105099,-0.04958179,0.04761411,0.9976345
504.258,292,572,1,0.05658014,0.08313411,-0.05103579,-0.04943861,0.04575248,0.9977287
504.2749,301,439,1,0.0545303,0.08290362,-0.05070004,-0.04564454,-0.00285038,0.9989537
504.2914,301,439,1,0.05453534,0.08290263,-0.05069527,-0.04562116,-0.002856512,0.9989548
504.3081,301,439,1,0.05453092,0.08289667,-0.05069052,-0.04562196,-0.002987064,0.9989543
504.326,301,439,1,0.0545273,0.08289096,-0.05068653,-0.04559694,-0.003128319,0.9989551
504.3428,301,438,1,0.05445788,0.08288552,-0.05068086,-0.04555709,-0.003352403,0.9989561
504.3573,301,437,1,0.05439265,0.08288107,-0.05067237,-0.0455052,-0.003563281,0.9989578
504.374,301,437,1,0.05427163,0.08287632,-0.05066141,-0.04544837,-0.003797433,0.9989594
504.3918,301,436,1,0.05415351,0.08287221,-0.05064681,-0.04539374,-0.004031558,0.9989611
504.4078,301,435,1,0.05402054,0.08286706,-0.05063514,-0.04540849,-0.0042752,0.9989594
504.4247,301,435,1,0.05389167,0.08285806,-0.05062096,-0.04543691,-0.004520847,0.998957
504.4418,300,434,1,0.05374719,0.08285313,-0.05060559,-0.04554513,-0.004773359,0.9989508
504.4593,300,433,1,0.05360809,0.08285066,-0.05058921,-0.04566509,-0.00500994,0.9989443
504.4765,300,433,1,0.05352694,0.08284219,-0.05057267,-0.04581159,-0.005224057,0.9989365
504.4945,299,432,1,0.05344971,0.08283199,-0.05055418,-0.04595739,-0.005438281,0.9989287
504.5082,299,431,1,0.05339097,0.08282119,-0.05053471,-0.04591648,-0.006010628,0.9989272
504.5263,299,429,1,0.05333389,0.08280797,-0.05051374,-0.04587362,-0.006559109,0.9989257
504.5412,299,427,1,0.05326887,0.08279426,-0.05049396,-0.04577896,-0.007488107,0.9989235
504.558,300,424,1,0.05320672,0.08278114,-0.05047075,-0.04568366,-0.00839498,0.9989207
504.5751,300,421,1,0.05317018,0.08276593,-0.05044864,-0.04558254,-0.009481058,0.9989156
504.5922,300,418,1,0.05313384,0.0827517,-0.05042808,-0.04548735,-0.01051519,0.9989096
504.6074,300,415,1,0.05310187,0.08273677,-0.0504062,-0.04537866,-0.01168238,0.9989015
504.6253,301,412,1,0.0530704,0.08272148,-0.05038124,-0.04526892,-0.01280231,0.9988928
504.6426,301,409,1,0.05299455,0.08270831,-0.05035823,-0.04512822,-0.01399623,0.9988831
504.6593,301,406,1,0.05292051,0.0826926,-0.05033198,-0.04499715,-0.0151347,0.9988725
504.6776,302,402,1,0.05288382,0.082674,-0.05030832,-0.04491189,-0.01634209,0.9988573
504.6944,302,399,1,0.05284976,0.0826628,-0.05027943,-0.04484089,-0.01749292,0.998841
504.7098,302,396,1,0.0528482,0.08264793,-0.0502546,-0.04478799,-0.01860498,0.9988233
504.726,302,393,1,0.05284685,0.0826269,-0.05022933,-0.04474092,-0.01970527,0.9988043
504.7419,302,390,1,0.05286387,0.0826017,-0.05020128,-0.04473725,-0.02085877,0.998781
504.7587,302,387,1,0.0528813,0.08258437,-0.05016924,-0.04471997,-0.0219874,0.9987575
504.7752,302,383,1,0.05291034,0.08256307,-0.05014145,-0.04468708,-0.02328729,0.9987296
504.7918,302,380,1,0.05293615,0.0825411,-0.05011204,-0.04462913,-0.02454661,0.998702
504.8077,302,375,1,0.05291775,0.08252165,-0.05008493,-0.04455543,-0.02621308,0.9986629
504.8251,303,371,1,0.05289795,0.08250133,-0.05006022,-0.04448919,-0.0278188,0.9986225
504.8429,303,366,1,0.05291032,0.08247781,-0.0500392,-0.04451043,-0.02964769,0.9985689
504.8602,303,361,1,0.05292223,0.08245338,-0.05001721,-0.04454039,-0.03140542,0.9985138
504.8765,302,356,1,0.05295584,0.08242439,-0.04999959,-0.04462063,-0.0333017,0.9984487
504.8933,302,351,1,0.05298786,0.08239903,-0.04998334,-0.04470637,-0.03512404,0.9983824
504.9091,293,222,1,0.05415405,0.08172826,-0.0496319,-0.04812796,-0.08183161,0.9954835
504.925,293,222,1,0.05415466,0.08173002,-0.04963405,-0.04812264,-0.08182403,0.9954844
504.9412,293,222,1,0.05417848,0.0817299,-0.04963773,-0.04811992,-0.08192381,0.9954762
504.9574,293,222,1,0.05420164,0.08173092,-0.04963487,-0.04809928,-0.08199397,0.9954715
504.9741,293,221,1,0.05425705,0.08172517,-0.04964183,-0.04808436,-0.08211825,0.9954619
504.9919,294,221,1,0.05430933,0.08171703,-0.04964991,-0.04806374,-0.08227223,0.9954502
505.0081,294,220,1,0.05432195,0.08171315,-0.04965831,-0.04804304,-0.08246318,0.9954354
505.0251,294,220,1,0.05433337,0.08171209,-0.04966861,-0.04802652,-0.08264817,0.9954208
505.0429,294,219,1,0.05435108,0.08171059,-0.04967817,-0.04799628,-0.08284176,0.9954063
505.0591,294,219,1,0.05436715,0.08170784,-0.04968778,-0.0479653,-0.08302617,0.9953924
505.0764,294,218,1,0.05435779,0.08170454,-0.04969762,-0.04796392,-0.08326679,0.9953723
505.094,294,218,1,0.05434907,0.08170366,-0.04970881,-0.04797005,-0.08348044,0.9953542
505.1091,294,217,1,0.05429963,0.0817022,-0.04971873,-0.04798294,-0.08368094,0.9953367
505.1256,294,217,1,0.05425269,0.08170453,-0.04972978,-0.04799959,-0.08387388,0.9953197
505.1411,293,214,1,0.05422788,0.08170361,-0.0497431,-0.04807733,-0.08470974,0.9952451
505.1584,293,212,1,0.05420538,0.0817024,-0.04975497,-0.04815027,-0.08551188,0.995173
505.1749,293,209,1,0.05416955,0.081704,-0.04976447,-0.04824318,-0.08669912,0.9950658
505.1918,293,206,1,0.05413598,0.08170616,-0.04977413,-0.04831885,-0.08783714,0.9949623
505.208,293,202,1,0.05406331,0.08171039,-0.04978047,-0.04834749,-0.08921689,0.9948381
505.2249,292,198,1,0.05399308,0.08171209,-0.04978929,-0.04837085,-0.09053648,0.9947178
505.2421,292,194,1,0.05389828,0.08171605,-0.04979741,-0.04840338,-0.09201285,0.9945806
505.2598,292,190,1,0.05380688,0.08171855,-0.04980481,-0.04842932,-0.09344362,0.994446
505.2768,292,186,1,0.0537045,0.08172181,-0.04981236,-0.04847162,-0.09499647,0.9942968
505.2942,292,182,1,0.05360528,0.08172511,-0.04981882,-0.04851932,-0.09648601,0.994151
505.3093,291,178,1,0.05350427,0.081726,-0.0498266,-0.04858022,-0.09796434,0.9940035
505.325,291,174,1,0.05340581,0.08172399,-0.04983361,-0.04864528,-0.09939239,0.9938585
505.3426,291,170,1,0.05333392,0.08172058,-0.04983976,-0.04874441,-0.1008237,0.9937094
505.3593,290,166,1,0.05326552,0.08171535,-0.04984501,-0.0488464,-0.1021968,0.9935642
505.3759,290,162,1,0.0532116,0.08170988,-0.04985039,-0.04896927,-0.1035195,0.9934212
505.3931,290,159,1,0.05315955,0.08170355,-0.049855,-0.04908659,-0.1047879,0.9932825
505.4083,289,155,1,0.05311024,0.08169707,-0.0498573,-0.0491919,-0.1060097,0.9931476
505.426,289,152,1,0.05306358,0.08169198,-0.04986082,-0.04929479,-0.1071843,0.9930164
505.4426,289,149,1,0.05304961,0.08168215,-0.049863,-0.0493845,-0.1082923,0.9928917
505.4596,288,146,1,0.05303661,0.08167298,-0.04986509,-0.04946511,-0.1093525,0.9927715
505.4759,288,143,1,0.05300293,0.08166287,-0.04986618,-0.04952313,-0.1103889,0.992654
505.4927,288,140,1,0.05296983,0.08165506,-0.04986798,-0.04957927,-0.1113897,0.9925393
505.508,288,137,1,0.05295786,0.08164455,-0.04986999,-0.04963992,-0.1125928,0.9924005
505.5253,288,134,1,0.05294608,0.08163449,-0.04987423,-0.04970493,-0.1137448,0.9922659
505.5417,287,130,1,0.0530007,0.08162258,-0.0498785,-0.0498087,-0.1149537,0.9921213
505.5594,287,127,1,0.05305377,0.0816086,-0.04988166,-0.04991151,-0.1161089,0.9919816
505.5767,287,124,1,0.05312359,0.08159395,-0.04988731,-0.04998827,-0.117248,0.9918438
505.5915,287,121,1,0.05319158,0.08157772,-0.049892,-0.05006093,-0.118347,0.9917096
505.6078,287,118,1,0.05325907,0.08156075,-0.04989621,-0.05009916,-0.1194148,0.9915797
505.6252,287,115,1,0.05332465,0.0815452,-0.04990157,-0.05013909,-0.1204431,0.9914533
505.6449,287,112,1,0.05339054,0.08152802,-0.04990455,-0.05013748,-0.1213989,0.9913367
505.6595,287,110,1,0.05345437,0.08150966,-0.04990914,-0.05013369,-0.1223194,0.9912237
505.6744,287,107,1,0.05352001,0.08149099,-0.04991287,-0.0501133,-0.1232175,0.9911135
505.6917,287,105,1,0.05358382,0.08147543,-0.04991566,-0.05008861,-0.1240861,0.9910065
505.7069,287,102,1,0.05365296,0.08145807,-0.04991817,-0.05010601,-0.1249231,0.9909004
505.7262,287,100,1,0.05371782,0.08143888,-0.04991816,-0.05012066,-0.1257354,0.9907969
505.7425,287,98,1,0.05380167,0.08142155,-0.0499204,-0.05014437,-0.1265101,0.9906971
505.7581,287,96,1,0.05388477,0.0814103,-0.04991917,-0.05017161,-0.1272574,0.9906
505.7751,287,94,1,0.05396026,0.08140153,-0.04991664,-0.0502164,-0.1278891,0.9905164
505.7916,287,92,1,0.05403267,0.0813878,-0.04991592,-0.0502577,-0.128515,0.9904332
505.8075,287,91,1,0.05413966,0.08136997,-0.04991378,-0.05028618,-0.1290896,0.9903571
505.8244,287,89,1,0.05424206,0.08135682,-0.04991296,-0.05030138,-0.1296608,0.9902817
505.8415,287,88,1,0.05436803,0.08134506,-0.0499114,-0.05035623,-0.130189,0.9902096
505.8584,287,86,1,0.05448851,0.08133566,-0.04990773,-0.05038754,-0.1306843,0.9901427
505.8753,287,85,1,0.05457848,0.08132472,-0.04991026,-0.05041701,-0.131136,0.9900816
505.8923,287,84,1,0.0546634,0.08130978,-0.04991268,-0.05045255,-0.1315695,0.9900222
505.9095,286,82,1,0.05475884,0.08129876,-0.04991728,-0.05054029,-0.1319852,0.9899624
505.9258,286,81,1,0.05485133,0.08128878,-0.04992002,-0.05063062,-0.1323765,0.9899055
505.942,286,86,1,0.05458941,0.08131678,-0.04992012,-0.05076261,-0.1305826,0.990137
505.9588,285,91,1,0.05433755,0.08134816,-0.04992419,-0.05089965,-0.1288511,0.9903568
505.975,285,103,1,0.05447318,0.08137955,-0.04993503,-0.05101897,-0.1245002,0.990907
505.9915,285,115,1,0.05460313,0.08140704,-0.04994497,-0.05112641,-0.1203001,0.9914201
506.0077,285,126,1,0.05455893,0.0814442,-0.0499514,-0.05120435,-0.1162676,0.9918971
506.0252,285,137,1,0.0545171,0.08148436,-0.04995507,-0.05126855,-0.1123812,0.9923416
506.0432,284,148,1,0.05454236,0.08151683,-0.04995815,-0.05134384,-0.1086103,0.9927576
506.0601,284,158,1,0.05456761,0.08154541,-0.04996041,-0.0514097,-0.1049981,0.9931427
506.079,284,168,1,0.05459491,0.08157118,-0.04996094,-0.05148964,-0.1015306,0.993499
506.0936,281,397,1,0.05520464,0.08223286,-0.04999046,-0.05314986,-0.01834269,0.998418
506.1096,281,397,1,0.05511951,0.08224054,-0.04998603,-0.05309284,-0.018336,0.9984212
506.1248,281,397,1,0.05503631,0.08224574,-0.04998231,-0.05303362,-0.01831603,0.9984247
506.1414,281,397,1,0.05491437,0.08225148,-0.04997836,-0.05298959,-0.01832202,0.998427
506.1577,281,397,1,0.05479539,0.08225426,-0.04997292,-0.05294957,-0.01833573,0.9984288
506.1744,281,397,1,0.05468033,0.08226121,-0.04996781,-0.05295263,-0.01832573,0.9984289
506.1916,281,397,1,0.05457041,0.0822681,-0.04995996,-0.05295407,-0.01831769,0.9984289
506.2083,281,397,1,0.05441286,0.08227628,-0.04995232,-0.05293364,-0.01831291,0.9984301
506.2251,281,397,1,0.05426129,0.08228364,-0.04994423,-0.05291863,-0.01831156,0.9984309
506.2427,281,397,1,0.05409156,0.08229475,-0.04993612,-0.05290092,-0.01830296,0.998432
506.2593,281,397,1,0.05392779,0.0823068,-0.04993038,-0.05288491,-0.01828759,0.9984331
506.2768,280,397,1,0.05379716,0.08231567,-0.04992219,-0.0529257,-0.01825674,0.9984316
506.2933,280,397,1,0.05367024,0.08232458,-0.04991299,-0.05295823,-0.01822772,0.9984304
506.3091,280,397,1,0.05355081,0.08233186,-0.04990315,-0.05303187,-0.01821747,0.9984266
506.3254,280,397,1,0.05343387,0.08233855,-0.04989672,-0.05309845,-0.0182123,0.9984232
506.3424,279,397,1,0.05334936,0.082343,-0.04988734,-0.05319174,-0.01818978,0.9984186
506.3578,279,397,1,0.05326574,0.08234432,-0.04987851,-0.05327395,-0.01816718,0.9984147
506.3752,279,397,1,0.05317261,0.08234431,-0.04987194,-0.05335604,-0.01816948,0.9984102
506.3919,278,397,1,0.0530818,0.08234731,-0.0498618,-0.05343481,-0.01817837,0.9984058
506.4077,278,398,1,0.05295173,0.08235497,-0.04985143,-0.05337236,-0.01795763,0.9984132
506.4249,278,398,1,0.05282383,0.08235914,-0.04984353,-0.05331929,-0.01774777,0.9984198
506.4422,278,400,1,0.05277833,0.08235987,-0.04983678,-0.05333375,-0.01702637,0.9984316
506.4586,278,402,1,0.05273485,0.08235996,-0.04982978,-0.05334958,-0.01633287,0.9984424
506.4758,278,405,1,0.05274136,0.08235921,-0.04982276,-0.05329785,-0.01530091,0.9984614
506.4928,279,408,1,0.05274617,0.082357,-0.04981527,-0.05323847,-0.01431032,0.9984792
506.5099,279,411,1,0.05274506,0.08235824,-0.04980943,-0.05313734,-0.01312901,0.9985009
506.5253,279,414,1,0.05274224,0.08235861,-0.04980116,-0.05302844,-0.01199843,0.998521
506.5422,280,417,1,0.05279398,0.08235448,-0.04979427,-0.05291705,-0.01073573,0.9985412
506.5586,280,421,1,0.05284319,0.08235224,-0.04978907,-0.05280969,-0.009534374,0.9985591
506.5752,280,424,1,0.05292152,0.08234774,-0.04978203,-0.05269282,-0.008262356,0.9985766
506.5921,281,428,1,0.05299575,0.08233931,-0.04977518,-0.05257919,-0.007036479,0.998592
506.6077,281,431,1,0.0530904,0.08233156,-0.04976999,-0.05255836,-0.005740715,0.9986013
506.6249,281,434,1,0.05317964,0.0823277,-0.04976599,-0.05254267,-0.004493211,0.9986086
506.6421,281,438,1,0.05327676,0.0823223,-0.04976179,-0.05256033,-0.003208815,0.9986126
506.6603,281,441,1,0.05336921,0.08231825,-0.04975746,-0.05258055,-0.001974595,0.9986147
506.6772,281,445,1,0.05347804,0.08231576,-0.0497538,-0.05263686,-0.0007547043,0.9986135
506.6929,281,448,1,0.05358147,0.08231441,-0.04974965,-0.05269616,0.00044045,0.9986105
506.7078,281,451,1,0.0536979,0.08231276,-0.04974404,-0.0527733,0.001622961,0.9986053
506.725,281,454,1,0.05380578,0.08230828,-0.04973542,-0.05284928,0.002762808,0.9985987
506.7419,280,457,1,0.05399865,0.08229582,-0.04972801,-0.05299141,0.003864783,0.9985875
506.7594,280,460,1,0.05418545,0.08229322,-0.04971818,-0.05312517,0.004909107,0.9985758
506.7758,280,463,1,0.05434648,0.08229426,-0.04970383,-0.0532598,0.00594815,0.998563
506.7929,280,466,1,0.05449685,0.08228959,-0.04969088,-0.05337967,0.006948163,0.9985501
506.8091,279,468,1,0.05463055,0.08227488,-0.04968181,-0.05350279,0.007847019,0.9985369
506.8258,279,470,1,0.05475616,0.08226615,-0.04967118,-0.05362497,0.008659725,0.9985236
506.8434,279,472,1,0.05492477,0.08225514,-0.04965928,-0.05374123,0.00945277,0.9985102
506.8591,279,475,1,0.05508435,0.08224496,-0.04964743,-0.0538503,0.01022534,0.9984967
506.8757,279,477,1,0.05526195,0.08222929,-0.04963591,-0.05395112,0.01094923,0.9984835
506.8931,278,478,1,0.05543126,0.08221002,-0.04962459,-0.05406847,0.01161229,0.9984697
506.9107,278,480,1,0.05560862,0.08219497,-0.04961477,-0.05417414,0.01224941,0.9984564
506.9269,278,482,1,0.05577707,0.08217748,-0.04960476,-0.05428193,0.01287987,0.9984425
506.9438,278,483,1,0.05594206,0.08216076,-0.0495949,-0.05442862,0.01349156,0.9984266
506.9594,278,485,1,0.05610096,0.08214722,-0.04958414,-0.05456906,0.01407424,0.9984108
506.9747,277,487,1,0.05626157,0.0821339,-0.04957522,-0.05470436,0.01464285,0.9983953
506.9919,277,488,1,0.05641514,0.08212002,-0.04956525,-0.05482297,0.01520434,0.9983804
507.0079,277,490,1,0.0565517,0.08210827,-0.04955941,-0.0548704,0.01601681,0.998365
507.0249,277,492,1,0.05668313,0.08209945,-0.04954923,-0.0549024,0.01681213,0.9983503
507.0418,277,496,1,0.05682588,0.08209114,-0.04954151,-0.05487092,0.01793354,0.9983324
507.0583,278,498,1,0.05696335,0.08207928,-0.04953524,-0.05483339,0.01897746,0.9983152
507.075,278,502,1,0.05708002,0.08206975,-0.04952898,-0.05476168,0.02015101,0.9982961
507.0906,278,505,1,0.05719234,0.08206358,-0.0495238,-0.05468891,0.02128724,0.9982765
507.1073,278,508,1,0.05733959,0.08205439,-0.04952003,-0.05460061,0.02252577,0.9982542
507.1252,279,511,1,0.05748071,0.08204442,-0.04951819,-0.05451142,0.02371309,0.9982315
507.1418,279,515,1,0.05765701,0.08203276,-0.04951838,-0.05442499,0.02496386,0.9982058
507.158,279,518,1,0.0578244,0.08202489,-0.04951847,-0.05434511,0.02617893,0.998179
507.1753,280,521,1,0.05796633,0.08201697,-0.04952839,-0.05425424,0.02744957,0.9981498
507.1917,280,525,1,0.05810128,0.08200787,-0.04953535,-0.05416834,0.02867919,0.99812
507.2082,280,528,1,0.05823302,0.08200096,-0.04954173,-0.05409693,0.02995605,0.9980863
507.2248,281,532,1,0.05835778,0.0819975,-0.04954877,-0.05403017,0.0311929,0.9980519
507.2422,281,535,1,0.05851271,0.08198994,-0.04955381,-0.05398602,0.03243918,0.9980146
507.2593,281,538,1,0.05866082,0.08198296,-0.04955992,-0.05394128,0.03363319,0.9979776
507.2773,281,542,1,0.05880437,0.08197819,-0.04956628,-0.05390009,0.03480376,0.9979396
507.2941,282,545,1,0.05893868,0.08197557,-0.04957331,-0.05385761,0.03592459,0.9979022
507.3088,282,548,1,0.05904258,0.08197439,-0.04957986,-0.05379954,0.03699226,0.9978663
507.3254,282,550,1,0.05914031,0.08197073,-0.04958871,-0.05375035,0.03801814,0.9978304
507.3422,283,553,1,0.05922913,0.08196863,-0.04959402,-0.05356527,0.03912986,0.9977974
507.3595,283,556,1,0.0593135,0.08196601,-0.04960326,-0.05339642,0.04019104,0.9977642
507.3765,284,560,1,0.05941183,0.08196206,-0.04961135,-0.05319265,0.04151198,0.9977211
507.3934,284,563,1,0.0595038,0.08196014,-0.04962303,-0.05300504,0.04278259,0.9976773
507.4086,285,567,1,0.05959136,0.08195772,-0.04963273,-0.0527898,0.04422544,0.9976258
507.4258,286,571,1,0.05967303,0.08195511,-0.04964224,-0.05258198,0.04561979,0.997574
507.4428,286,575,1,0.05972784,0.08195433,-0.04965443,-0.05236666,0.0470945,0.9975168
507.4595,287,579,1,0.05978012,0.08195256,-0.04966676,-0.05216305,0.04851225,0.9974596
507.4758,288,583,1,0.0598063,0.08195406,-0.04968148,-0.0519088,0.04999549,0.9973996
507.4928,288,587,1,0.05983098,0.08195645,-0.04969585,-0.05166347,0.05142537,0.9973396
507.5081,289,591,1,0.0598505,0.0819587,-0.04971241,-0.05139702,0.05289543,0.9972765
507.5257,290,595,1,0.0598669,0.08196303,-0.04972972,-0.05113601,0.05430206,0.9972143
507.5427,290,599,1,0.05987348,0.08196713,-0.04974847,-0.05087248,0.05572764,0.9971492
507.56,291,603,1,0.05987777,0.08197418,-0.04977052,-0.05061965,0.05709764,0.9970845
507.5758,292,606,1,0.05986736,0.08197916,-0.04979108,-0.0503441,0.05846424,0.9970193
507.5933,293,610,1,0.05985425,0.0819849,-0.04981714,-0.05008418,0.05976508,0.9969552
507.6087,293,613,1,0.05985,0.08199044,-0.04984497,-0.04984366,0.06102152,0.9968911
507.6257,294,617,1,0.05984501,0.08200005,-0.04987059,-0.04961513,0.06225009,0.9968265
507.6441,294,620,1,0.05985487,0.08200916,-0.04989578,-0.04938229,0.06344204,0.9967631
507.6593,295,623,1,0.05985922,0.08201666,-0.04992418,-0.04916322,0.06459829,0.9966995
507.6764,296,626,1,0.05989646,0.0820225,-0.04995623,-0.04896236,0.06570477,0.9966372
507.6926,296,629,1,0.05993038,0.08202543,-0.04998672,-0.04877892,0.06677908,0.9965747
507.7073,297,632,1,0.05993854,0.08203576,-0.05002001,-0.04860058,0.06778391,0.9965156
507.725,297,635,1,0.05994545,0.08205046,-0.05004795,-0.04842697,0.06880514,0.9964541
507.7446,297,637,1,0.05994435,0.08206349,-0.05008349,-0.04825808,0.06975993,0.9963959
507.7588,298,640,1,0.05994168,0.08207253,-0.05011702,-0.04809795,0.07065543,0.9963405
507.7752,298,642,1,0.05993985,0.08208153,-0.05015334,-0.0479261,0.0714831,0.9962897
507.7913,299,644,1,0.05993649,0.08209354,-0.050189,-0.04775195,0.07226379,0.9962417
507.8081,299,646,1,0.05995124,0.08210249,-0.05022522,-0.04757549,0.07300611,0.9961961
507.8253,300,648,1,0.05996142,0.08211526,-0.05026457,-0.04739727,0.07370784,0.996153
507.8412,300,650,1,0.05999605,0.08212402,-0.05030541,-0.04722193,0.07435071,0.9961135
507.8579,301,652,1,0.06002824,0.08213335,-0.05034437,-0.04706781,0.07497902,0.9960737
507.8744,301,654,1,0.06009957,0.08213895,-0.05038545,-0.04698811,0.07559109,0.9960312
507.8923,301,655,1,0.06016697,0.08214236,-0.05042552,-0.04692201,0.07617237,0.99599
507.9095,302,657,1,0.06022624,0.08214571,-0.05046804,-0.04683478,0.07668888,0.9959545
507.9248,302,658,1,0.06028373,0.08215034,-0.05050986,-0.04675735,0.07718001,0.9959202
507.941,302,659,1,0.06034361,0.08215386,-0.05055212,-0.04668321,0.0776519,0.995887
507.9583,302,660,1,0.06040321,0.08215929,-0.05059436,-0.0466003,0.07810309,0.9958555
507.9751,303,662,1,0.0604766,0.0821647,-0.05064025,-0.04649309,0.07852926,0.9958271
507.992,303,663,1,0.06054807,0.08217359,-0.05068417,-0.04637776,0.07897413,0.9957973
508.0086,303,664,1,0.06061387,0.08217943,-0.05072771,-0.0462481,0.0793904,0.9957703
508.0249,304,665,1,0.06067684,0.08218323,-0.0507753,-0.04612479,0.07976305,0.9957461
508.0427,304,666,1,0.06074525,0.08219268,-0.05082456,-0.04598153,0.08010125,0.9957256
508.0606,305,667,1,0.06081176,0.08220039,-0.05087523,-0.04584901,0.08042662,0.9957055
508.0767,302,661,1,0.06078404,0.08219682,-0.05092444,-0.04688644,0.07834225,0.9958233
508.094,299,656,1,0.06075564,0.08219605,-0.05097853,-0.04789089,0.07633948,0.995931
508.1095,296,650,1,0.06060261,0.08219948,-0.05103398,-0.04887418,0.07431138,0.9960367
508.1275,294,645,1,0.06045714,0.08220441,-0.0510916,-0.04982765,0.0723731,0.9961322
508.1414,291,639,1,0.06037788,0.08220842,-0.05115073,-0.05077616,0.0704437,0.9962226
508.158,288,634,1,0.06030213,0.08221174,-0.05121075,-0.05168928,0.06860503,0.9963039
508.1742,223,509,1,0.05799362,0.08229507,-0.05281977,-0.07495228,0.02289155,0.9969243
508.1922,223,509,1,0.05799549,0.08229858,-0.05282297,-0.07494891,0.02289776,0.9969245
508.2074,223,509,1,0.05800834,0.08230107,-0.05283226,-0.07495952,0.0228668,0.9969244
508.2251,223,509,1,0.05802258,0.08230627,-0.05284299,-0.07495622,0.02285161,0.996925
508.2422,223,509,1,0.0580661,0.082311,-0.05285371,-0.07498261,0.02275685,0.9969252
508.2593,223,509,1,0.05810732,0.08231466,-0.05286925,-0.075004,0.02268057,0.9969252
508.2751,223,509,1,0.05814127,0.08231985,-0.05289075,-0.07500754,0.02257256,0.9969274
508.2927,223,508,1,0.05817375,0.08232534,-0.05291489,-0.07501319,0.02247105,0.9969293
508.3096,223,508,1,0.05821298,0.08233388,-0.05294025,-0.07500069,0.02235078,0.996933
508.3261,223,508,1,0.05824938,0.08234412,-0.05296921,-0.0749957,0.02225235,0.9969355
508.342,223,506,1,0.05824661,0.08235112,-0.05299878,-0.07512251,0.02173572,0.9969374
508.3586,222,505,1,0.05824489,0.08235883,-0.05303115,-0.0752563,0.02122649,0.9969383
508.3751,221,503,1,0.05820721,0.08236745,-0.05306758,-0.07552043,0.02039971,0.9969355
508.3917,221,500,1,0.0581729,0.08237582,-0.05310468,-0.07577211,0.01961523,0.9969322
508.4076,220,498,1,0.05810522,0.08238208,-0.05314228,-0.07615487,0.01862727,0.996922
508.425,219,495,1,0.0580402,0.08238922,-0.0531817,-0.07651884,0.01768069,0.9969113
508.443,217,492,1,0.05796091,0.082398,-0.05322378,-0.07693559,0.01665027,0.996897
508.4643,216,490,1,0.05788586,0.08240792,-0.05326641,-0.07732602,0.01566853,0.9968827
508.4756,215,487,1,0.05778016,0.08241733,-0.05330987,-0.07778874,0.01463848,0.9968624
508.4937,214,484,1,0.05767874,0.08243011,-0.0533531,-0.07822932,0.01365,0.9968419
508.5101,212,481,1,0.05754039,0.08244317,-0.05339844,-0.07867359,0.0126377,0.9968203
508.5251,211,479,1,0.05740646,0.08245672,-0.05344579,-0.07910309,0.01167067,0.9967982
508.5409,210,476,1,0.05724635,0.08246894,-0.05349319,-0.07951605,0.01069959,0.9967762
508.5582,209,474,1,0.05709189,0.08248016,-0.05354418,-0.07991365,0.009745869,0.9967542
508.5745,207,471,1,0.0568886,0.08249737,-0.05359313,-0.08030807,0.008759593,0.9967316
508.5922,206,468,1,0.05669311,0.08251672,-0.05364276,-0.08068427,0.007827533,0.996709
508.6081,205,466,1,0.05646966,0.08253565,-0.05369443,-0.08103593,0.00689303,0.9966873
508.6282,204,463,1,0.05625328,0.08255419,-0.05374733,-0.08137385,0.005991019,0.9966657
508.6422,203,455,1,0.05587778,0.08256635,-0.05380347,-0.08153405,0.003122061,0.9966657
508.6585,202,448,1,0.05551635,0.08258093,-0.05385925,-0.08169984,0.0003852017,0.9966569
508.6759,202,441,1,0.05511993,0.08259898,-0.05392009,-0.08186553,-0.002244417,0.9966409
508.6925,201,434,1,0.05473995,0.08262278,-0.05397502,-0.08203149,-0.004713111,0.9966186
508.7077,200,428,1,0.0544997,0.08263864,-0.0540328,-0.08221889,-0.007039052,0.9965895
508.7258,200,422,1,0.05426705,0.08264619,-0.05409046,-0.08239238,-0.009281551,0.9965568
508.7419,189,275,1,0.04746916,0.08298777,-0.05535172,-0.08428128,-0.06282306,0.9944596
508.7586,189,275,1,0.04746884,0.08299104,-0.05535505,-0.08426832,-0.06283971,0.9944597
508.7753,189,275,1,0.04743458,0.08300068,-0.05535856,-0.0841852,-0.06285761,0.9944656
508.7925,189,275,1,0.0473959,0.08300624,-0.05536422,-0.08410656,-0.06286551,0.9944717
508.8087,189,275,1,0.04735123,0.08301146,-0.05537337,-0.0840323,-0.06289843,0.994476
508.8261,189,274,1,0.047305,0.08301502,-0.05538227,-0.08398394,-0.06294366,0.9944772
508.8437,189,273,1,0.04721376,0.08301812,-0.05539557,-0.08389601,-0.06331196,0.9944612
508.8596,190,272,1,0.04712547,0.08302306,-0.05540948,-0.08382656,-0.0636711,0.9944441
508.8763,190,271,1,0.04705516,0.08302458,-0.05542556,-0.08376764,-0.06418823,0.9944159
508.8929,190,270,1,0.04698711,0.08302815,-0.05544115,-0.08371123,-0.06468517,0.9943884
508.9093,190,268,1,0.04690773,0.0830306,-0.05545677,-0.0836181,-0.06523614,0.9943603
508.9263,190,267,1,0.0468327,0.08303061,-0.05547171,-0.08351672,-0.06577472,0.9943333
508.9434,190,265,1,0.04675883,0.08303525,-0.05548531,-0.08339077,-0.06633096,0.9943069
508.9599,191,264,1,0.04668932,0.08304415,-0.05550077,-0.08326501,-0.06683318,0.9942838
508.976,191,262,1,0.04663134,0.08304933,-0.05551431,-0.08311757,-0.06734982,0.9942613
508.9927,191,261,1,0.04657404,0.08305036,-0.05552822,-0.08297049,-0.06786181,0.9942387
509.0085,192,259,1,0.04653788,0.08305003,-0.05554012,-0.08281824,-0.06842797,0.9942126
509.0263,192,258,1,0.04650195,0.08304931,-0.0555524,-0.08266942,-0.06898369,0.9941866
509.0442,192,256,1,0.04642132,0.08305136,-0.05556148,-0.08253671,-0.0695644,0.9941572
509.0598,193,255,1,0.04634234,0.08305101,-0.05557061,-0.08241209,-0.07013567,0.9941274
509.0749,193,252,1,0.04627877,0.08304711,-0.05557847,-0.08226326,-0.07090839,0.9940848
509.0916,193,250,1,0.04621655,0.08304361,-0.05558673,-0.0821287,-0.07165951,0.9940422
509.1071,194,248,1,0.04615986,0.08303543,-0.05559555,-0.08198836,-0.07252124,0.9939913
509.1266,194,246,1,0.04610445,0.08302897,-0.0556029,-0.08185643,-0.07336562,0.9939402
509.1432,194,243,1,0.04607121,0.0830218,-0.05561092,-0.0817402,-0.07427347,0.9938823
509.1577,195,241,1,0.04603877,0.08301741,-0.05561749,-0.08162067,-0.07512973,0.9938277
509.1741,195,238,1,0.04604009,0.0830091,-0.05562449,-0.08150887,-0.0760221,0.993769
509.1913,195,236,1,0.04603949,0.08300192,-0.0556282,-0.0813944,-0.07688841,0.9937118
509.2084,195,234,1,0.04601622,0.08299654,-0.05563446,-0.08127999,-0.07776938,0.9936526
509.2244,196,231,1,0.0459915,0.08299188,-0.05563672,-0.08116947,-0.07860639,0.9935958
509.2413,196,229,1,0.04600056,0.08298272,-0.0556428,-0.08107188,-0.07942496,0.9935387
509.2575,196,227,1,0.04600825,0.08297336,-0.05564715,-0.08098559,-0.08022311,0.9934815
509.2758,196,225,1,0.04602019,0.08296613,-0.05565356,-0.08089603,-0.08098052,0.9934274
509.2926,197,223,1,0.04603043,0.08295804,-0.05565882,-0.08081605,-0.0816907,0.9933758
509.3079,197,221,1,0.04603296,0.08294945,-0.05566301,-0.08071734,-0.08237068,0.9933276
509.3259,197,219,1,0.04603448,0.08293894,-0.05566726,-0.08062836,-0.08303387,0.9932796
509.3408,197,217,1,0.04601805,0.08293188,-0.05566996,-0.08052516,-0.08367217,0.9932345
509.3582,198,215,1,0.04600199,0.08292609,-0.05567235,-0.08042881,-0.08427353,0.9931914
509.375,198,214,1,0.04599142,0.08291984,-0.05567521,-0.08034948,-0.08483599,0.9931499
509.3921,198,212,1,0.04598117,0.08291283,-0.0556747,-0.08026534,-0.08536746,0.9931113
509.4079,198,211,1,0.0459874,0.08290438,-0.05567203,-0.08020705,-0.08585642,0.9930738
509.4253,198,210,1,0.04599194,0.08289624,-0.05566851,-0.08014935,-0.08633053,0.9930373
509.4418,199,209,1,0.0459899,0.08288997,-0.05566379,-0.08009157,-0.08678447,0.9930024
509.4599,199,207,1,0.045987,0.08288281,-0.05565868,-0.08003815,-0.08722106,0.9929684
509.4771,199,206,1,0.04594446,0.08287679,-0.0556541,-0.07997062,-0.08763659,0.9929374
509.4971,199,205,1,0.04590298,0.0828716,-0.05564672,-0.07991003,-0.08803649,0.9929069
509.5095,199,204,1,0.04584714,0.08286889,-0.05563904,-0.07984857,-0.08844009,0.9928759
509.5258,199,203,1,0.04579325,0.08286375,-0.05562853,-0.07979377,-0.08882644,0.9928458
509.5406,199,202,1,0.04574994,0.08285606,-0.05561958,-0.07973738,-0.08915867,0.9928206
509.558,199,201,1,0.04570901,0.08284459,-0.05560459,-0.07968453,-0.08948098,0.9927958
509.575,199,213,1,0.04582974,0.08286779,-0.05560552,-0.07994068,-0.08506473,0.9931633
509.5912,198,225,1,0.04594792,0.08289734,-0.05559954,-0.08018355,-0.08081127,0.993499
509.6074,198,238,1,0.04608532,0.08292898,-0.05558874,-0.08036876,-0.07623039,0.9938459
509.6241,198,250,1,0.0462149,0.08295318,-0.05557872,-0.08054278,-0.07183373,0.9941593
509.6421,197,263,1,0.0464205,0.08296519,-0.0555686,-0.08073536,-0.06723176,0.9944655
509.6583,197,275,1,0.04661893,0.08298326,-0.05555867,-0.08091922,-0.06285839,0.9947366
509.6756,190,587,1,0.05188277,0.08344505,-0.0551997,-0.08509233,0.05069214,0.9950827
509.693,190,587,1,0.05187996,0.08344533,-0.05519894,-0.08508792,0.05070785,0.9950823
509.71,190,587,1,0.05190077,0.08344149,-0.055198,-0.08513112,0.05095956,0.9950657
509.7245,190,588,1,0.05192035,0.08343391,-0.05519767,-0.0851957,0.0512016,0.9950477
509.7419,189,589,1,0.05197791,0.08342524,-0.05519386,-0.08529503,0.05159556,0.995019
509.7588,189,590,1,0.05203494,0.08341262,-0.05519004,-0.08540674,0.05197418,0.9949896
509.7758,189,592,1,0.05211399,0.08339927,-0.05518395,-0.0855284,0.05245567,0.9949539
509.7921,189,593,1,0.05219056,0.08338673,-0.0551752,-0.08564714,0.05291218,0.9949196
509.8079,188,594,1,0.05230201,0.08337136,-0.05516484,-0.08580618,0.05344879,0.9948772
509.8252,188,596,1,0.0524115,0.0833559,-0.05515495,-0.08595219,0.05396533,0.9948366
509.8433,188,597,1,0.05252625,0.08334568,-0.05514231,-0.08607494,0.0544886,0.9947975
509.8594,187,599,1,0.05263801,0.08333397,-0.05512779,-0.08618984,0.0550244,0.994758
509.8767,187,600,1,0.05273557,0.08332059,-0.055111,-0.08626175,0.055546,0.9947228
509.8929,187,601,1,0.05283057,0.08330562,-0.05509363,-0.08632749,0.05601352,0.9946909
509.9097,187,604,1,0.05294396,0.08329328,-0.05507562,-0.08644443,0.05705275,0.9946216
509.926,187,607,1,0.05305679,0.08328068,-0.05505715,-0.0865522,0.0580462,0.9945548
509.9451,186,610,1,0.05317867,0.08326674,-0.05503752,-0.08667989,0.05928357,0.9944708
509.9577,186,613,1,0.05329521,0.08325351,-0.0550173,-0.08680307,0.0604598,0.9943892
509.9741,186,617,1,0.05338718,0.0832425,-0.05499404,-0.08690272,0.06173811,0.9943019
509.9919,186,620,1,0.05347539,0.08323114,-0.05497062,-0.08700331,0.06297357,0.9942157
510.0081,186,624,1,0.05355299,0.08322233,-0.0549478,-0.08706346,0.06429949,0.9941255
510.0252,185,628,1,0.05362863,0.08321247,-0.05492492,-0.08713029,0.06558031,0.994036
510.0421,185,631,1,0.05370972,0.08320303,-0.05490182,-0.08720784,0.06691001,0.9939405
510.0593,185,635,1,0.05378811,0.08319476,-0.05487768,-0.08727997,0.06817899,0.993848
510.0766,185,638,1,0.05384488,0.08318613,-0.05485384,-0.08727808,0.06945974,0.9937595
510.0925,185,642,1,0.05389972,0.08318197,-0.05483055,-0.08726643,0.07068881,0.9936738
510.11,185,645,1,0.05396196,0.08317809,-0.0548078,-0.08728277,0.07190499,0.9935851
510.1252,185,648,1,0.05402214,0.08317169,-0.05478312,-0.0872872,0.07308271,0.9934988
510.1433,185,651,1,0.05406725,0.08316881,-0.05476051,-0.08727005,0.07423715,0.9934147
510.1589,185,654,1,0.0541118,0.08316518,-0.05473468,-0.08725247,0.07532505,0.9933344
510.1758,185,657,1,0.0541552,0.08316272,-0.05470921,-0.08725958,0.07640135,0.9932515
510.1922,185,660,1,0.05419786,0.08316063,-0.0546888,-0.08727177,0.07743654,0.9931704
510.2084,185,663,1,0.05424347,0.08315691,-0.05466659,-0.08725975,0.07843892,0.9930927
510.2258,185,666,1,0.05428685,0.0831516,-0.05464727,-0.08724725,0.07939236,0.993018
510.2422,185,668,1,0.05432202,0.08314678,-0.05462897,-0.08722854,0.08032658,0.9929445
510.2585,185,671,1,0.05435616,0.0831436,-0.0546122,-0.08721198,0.08122385,0.992873
510.2752,186,673,1,0.05439207,0.08314144,-0.05459589,-0.08718085,0.08213181,0.992801
510.2931,186,676,1,0.05442707,0.08313946,-0.05457968,-0.08714817,0.08302391,0.9927297
510.3077,186,678,1,0.05448216,0.08313347,-0.05456677,-0.08714101,0.08386609,0.9926596
510.3251,186,680,1,0.05453457,0.08312923,-0.05455573,-0.08713589,0.08467684,0.9925912
510.3419,186,682,1,0.05462383,0.08312389,-0.05454464,-0.08713506,0.08547042,0.9925232
510.3594,186,685,1,0.05470987,0.08311855,-0.05453966,-0.08714015,0.08623818,0.9924563
510.3752,186,687,1,0.05477184,0.08311665,-0.05453315,-0.087096,0.08697793,0.9923956
510.3929,186,689,1,0.05483085,0.08311374,-0.05453245,-0.08705916,0.0877014,0.9923352
510.4096,186,690,1,0.05487817,0.08311275,-0.05453127,-0.08704171,0.08827759,0.9922856
510.426,186,692,1,0.05492549,0.08311314,-0.05453117,-0.0870199,0.08885092,0.9922364
510.4431,186,693,1,0.05493605,0.08311362,-0.05453356,-0.08700938,0.08931132,0.992196
510.4593,186,694,1,0.05494363,0.08311049,-0.05453654,-0.08699959,0.08975297,0.992157
510.476,186,695,1,0.05491655,0.08311332,-0.05454516,-0.0870083,0.09011109,0.9921238
510.4928,186,696,1,0.05489458,0.08312098,-0.0545477,-0.08701335,0.09049569,0.9920883
510.5099,186,697,1,0.05484849,0.08313026,-0.05455158,-0.08704018,0.0908483,0.9920537
510.5288,186,698,1,0.05480371,0.08313447,-0.054558,-0.08705991,0.09116536,0.9920229
510.5418,186,699,1,0.05476056,0.08313846,-0.05456508,-0.08711046,0.09141868,0.9919952
510.5603,186,700,1,0.05471941,0.08314314,-0.05457257,-0.08714536,0.091654,0.9919704
510.5748,186,700,1,0.0546887,0.08314396,-0.05458097,-0.08715748,0.09183947,0.9919521
510.5922,186,701,1,0.05465836,0.08314638,-0.05458876,-0.08714905,0.09200419,0.9919376
510.6079,185,693,1,0.05462783,0.08313011,-0.05459785,-0.08725816,0.0894555,0.9921612
510.6248,185,687,1,0.05459555,0.0831148,-0.05460891,-0.08738252,0.08701153,0.9923676
510.6416,184,672,1,0.05446261,0.08308456,-0.0546202,-0.08780427,0.08183576,0.9927705
510.6578,183,659,1,0.05433619,0.08305395,-0.05463615,-0.08823623,0.07685685,0.9931301
510.6752,181,645,1,0.054164,0.08302356,-0.05465047,-0.08867454,0.07212571,0.9934459
510.6914,180,633,1,0.05400015,0.08299822,-0.0546634,-0.08910557,0.06758659,0.9937264
510.7093,179,621,1,0.05377576,0.08297446,-0.05467522,-0.08948706,0.06326115,0.9939769
510.7243,178,610,1,0.05356185,0.08295301,-0.05468558,-0.08984409,0.05910292,0.9942006
510.7417,177,598,1,0.05329352,0.08293669,-0.05469298,-0.09016289,0.05507225,0.9944032
510.759,152,334,1,0.04688955,0.08258432,-0.05482649,-0.09726606,-0.04112859,0.9944082
510.7753,153,334,1,0.04685356,0.0825823,-0.05482548,-0.09720869,-0.04113335,0.9944137
510.7918,153,334,1,0.04681867,0.08257695,-0.05482803,-0.09715821,-0.04116577,0.9944173
510.8083,153,334,1,0.046722,0.08257847,-0.05482784,-0.09703876,-0.04122159,0.9944266
510.8252,153,334,1,0.04663012,0.08257752,-0.05482868,-0.09692478,-0.04128496,0.9944351
510.8433,153,333,1,0.04651561,0.08257958,-0.05482757,-0.09679084,-0.041369,0.9944447
510.861,154,333,1,0.04640434,0.08257983,-0.05482824,-0.09666349,-0.04146026,0.9944533
510.8764,154,333,1,0.04628456,0.08257833,-0.05483003,-0.09654307,-0.04156352,0.9944606
510.8928,154,333,1,0.04616942,0.08257969,-0.05483197,-0.09643415,-0.04167692,0.9944664
510.9086,154,332,1,0.04605496,0.08257937,-0.05483621,-0.09633899,-0.04175878,0.9944722
510.9262,155,332,1,0.04594528,0.08257989,-0.05484219,-0.09625404,-0.04183984,0.9944771
510.9431,155,332,1,0.04582177,0.08258232,-0.05484833,-0.0961849,-0.04189552,0.9944814
510.9601,155,332,1,0.04570319,0.08258419,-0.05485457,-0.09611334,-0.04194403,0.9944862
510.9761,155,332,1,0.04554035,0.0825877,-0.05486214,-0.09603288,-0.04194414,0.9944941
510.9933,155,332,1,0.04538412,0.08259284,-0.05486931,-0.09594321,-0.04194231,0.9945027
511.0096,155,332,1,0.04521434,0.08259829,-0.05487623,-0.09586616,-0.04192936,0.9945108
511.0262,155,332,1,0.04505068,0.08260669,-0.05488811,-0.09578556,-0.04190819,0.9945194
511.0421,155,331,1,0.04488898,0.08261288,-0.05489892,-0.09569515,-0.04209752,0.9945201
511.059,155,331,1,0.0447331,0.08261833,-0.05491149,-0.09560452,-0.04228113,0.994521
511.0753,155,329,1,0.04458784,0.08262258,-0.05492557,-0.09552839,-0.04302571,0.9944965
511.0928,156,327,1,0.04444839,0.08262735,-0.05493986,-0.09546322,-0.04373376,0.9944717
511.1082,156,324,1,0.04427205,0.08263244,-0.05495871,-0.09535417,-0.04485071,0.9944326
511.125,156,321,1,0.04410342,0.08263747,-0.0549789,-0.09526122,-0.04592879,0.9943922
511.1419,156,317,1,0.04395453,0.08264031,-0.05499987,-0.09519173,-0.04724625,0.9943372
511.1584,156,314,1,0.04381163,0.0826461,-0.0550228,-0.09512483,-0.04851694,0.9942824
511.1755,156,310,1,0.04367049,0.08264984,-0.05504572,-0.095059,-0.04995316,0.9942175
511.1916,156,306,1,0.04353562,0.08265518,-0.05506898,-0.09499101,-0.0513192,0.9941545
511.2071,156,302,1,0.04339183,0.08266158,-0.05509272,-0.09493341,-0.05277913,0.9940835
511.2252,156,298,1,0.04325336,0.08266684,-0.05511624,-0.09487356,-0.05417159,0.9940143
511.2419,157,294,1,0.04311676,0.08266885,-0.0551443,-0.09463356,-0.05569395,0.993953
511.2577,157,290,1,0.04298566,0.08267038,-0.05517086,-0.09439872,-0.05716658,0.9938918
511.2746,157,290,1,0.04298566,0.08267038,-0.05517086,-0.09439872,-0.05716658,0.9938918
511.2918,157,290,1,0.04298566,0.08267038,-0.05517086,-0.09439872,-0.05716658,0.9938918
511.3087,160,286,1,0.04295693,0.08266624,-0.05520325,-0.09339276,-0.05877923,0.9938928
511.3257,163,281,1,0.04292841,0.08266564,-0.05523356,-0.0924241,-0.06033411,0.9938901
511.3415,167,277,1,0.0430056,0.08265593,-0.05526537,-0.09098532,-0.06192591,0.993925
511.3574,170,273,1,0.04307856,0.08264522,-0.05529583,-0.08960232,-0.06344775,0.9939547
511.3759,175,268,1,0.04321502,0.08262856,-0.05532831,-0.08791429,-0.06498428,0.994006
511.3919,180,264,1,0.04334515,0.08260889,-0.05535708,-0.08629611,-0.06645658,0.9940506
511.4082,308,161,1,0.04825667,0.08206566,-0.05619509,-0.04081709,-0.1037725,0.9937631
511.4259,308,161,1,0.04825666,0.08207136,-0.05618985,-0.04081492,-0.1037658,0.993764
511.4424,309,161,1,0.04833064,0.08207357,-0.05618452,-0.04062412,-0.1037277,0.9937757
511.4597,310,162,1,0.04840134,0.08206925,-0.05618074,-0.04043781,-0.1037066,0.9937856
511.4766,311,161,1,0.04857939,0.08205482,-0.05617863,-0.04011278,-0.1037858,0.9937904
511.4938,312,161,1,0.04874827,0.08204521,-0.05617797,-0.03979269,-0.1038976,0.9937917
511.5099,312,160,1,0.04895985,0.08203522,-0.05617781,-0.03955331,-0.1042368,0.9937657
511.5259,313,159,1,0.04916105,0.08202665,-0.05617525,-0.0393093,-0.1045457,0.9937429
511.5409,314,158,1,0.04940834,0.08201328,-0.05617423,-0.03915538,-0.1049842,0.9937028
511.5579,314,157,1,0.04964343,0.08199666,-0.05617309,-0.03901668,-0.1054077,0.9936634
511.5746,315,155,1,0.04991585,0.08197759,-0.05617641,-0.03898096,-0.1059364,0.9936086
511.5923,315,154,1,0.05017582,0.0819608,-0.05618285,-0.03896307,-0.1064489,0.9935545
511.608,315,152,1,0.0504933,0.08193881,-0.05618997,-0.03902682,-0.1070137,0.9934914
511.6251,315,151,1,0.05079855,0.08191843,-0.0561979,-0.0390929,-0.1075483,0.993431
511.6429,315,149,1,0.05104305,0.08189879,-0.0562048,-0.03918057,-0.1080772,0.9933702
511.6597,315,148,1,0.05127838,0.08188153,-0.05621279,-0.0392568,-0.108583,0.993312
511.6768,315,146,1,0.05144588,0.08187261,-0.05622094,-0.03932784,-0.109093,0.9932532
511.6935,315,145,1,0.05160668,0.08186276,-0.05622747,-0.0393906,-0.1095477,0.9932008
511.7098,315,144,1,0.05172877,0.08185314,-0.05623338,-0.03943249,-0.109987,0.9931505
511.7281,315,143,1,0.05184476,0.0818385,-0.05624064,-0.03946806,-0.110439,0.9930989
511.7407,315,141,1,0.05191714,0.08182865,-0.05624705,-0.0395179,-0.1108973,0.9930459
511.758,315,140,1,0.05198622,0.08181831,-0.05625593,-0.03956511,-0.111359,0.9929923
511.7747,314,139,1,0.05201352,0.0818122,-0.05626289,-0.03962664,-0.1118084,0.9929394
511.7929,314,138,1,0.05203848,0.08180589,-0.05627098,-0.03968375,-0.1122329,0.9928892
511.8095,314,137,1,0.05204445,0.08179864,-0.05628012,-0.03980086,-0.11261,0.9928418
511.8246,314,135,1,0.05204921,0.08179353,-0.05629084,-0.03992736,-0.1129849,0.9927942
511.8421,313,133,1,0.05206751,0.08178811,-0.05630325,-0.04009337,-0.1138162,0.9926925
511.8584,313,131,1,0.05208606,0.08178125,-0.05631486,-0.04025655,-0.1146083,0.9925948
511.8768,312,128,1,0.05210328,0.08177203,-0.0563297,-0.04042223,-0.1156352,0.992469
511.8926,312,125,1,0.05212152,0.08176959,-0.05634506,-0.04057759,-0.1166198,0.9923474
511.9088,311,122,1,0.0521828,0.08176415,-0.0563621,-0.04074794,-0.1177319,0.9922091
511.9254,311,119,1,0.05224144,0.08175952,-0.05637977,-0.04089912,-0.1187706,0.9920791
511.9415,311,116,1,0.05226275,0.08175721,-0.05639604,-0.04103509,-0.1198695,0.9919413
511.9582,310,113,1,0.05228231,0.08175312,-0.0564147,-0.04116077,-0.1209176,0.9918088
511.9745,310,110,1,0.05231688,0.08175183,-0.05643055,-0.04130138,-0.1220193,0.991668
511.9941,310,107,1,0.05234933,0.08175088,-0.05644736,-0.04143422,-0.1230681,0.9915329
512.0074,309,104,1,0.05239212,0.0817495,-0.05646554,-0.0415723,-0.1241337,0.9913942
512.0253,309,101,1,0.05243215,0.08174711,-0.05648246,-0.0417143,-0.1251486,0.9912607
512.0422,308,99,1,0.05246769,0.08174397,-0.05649853,-0.04184409,-0.1261466,0.9911287
512.0603,308,96,1,0.05250081,0.08174021,-0.0565138,-0.04198208,-0.1271034,0.9910007
512.0768,308,93,1,0.05253954,0.08173504,-0.05652825,-0.04211816,-0.1280363,0.9908748
512.0938,307,91,1,0.05257747,0.08172821,-0.05654064,-0.04225506,-0.1289477,0.9907507
512.1092,307,88,1,0.05264154,0.0817197,-0.05655052,-0.04242576,-0.1298912,0.9906203
512.1246,307,86,1,0.05270338,0.0817098,-0.05656054,-0.04259023,-0.1307976,0.9904939
512.1417,306,83,1,0.05277533,0.0816995,-0.0565678,-0.04276612,-0.1317074,0.9903657
512.1575,306,80,1,0.05284557,0.08168828,-0.05657387,-0.0429336,-0.1326009,0.9902393
512.1748,305,78,1,0.0529332,0.08167499,-0.05657855,-0.04310992,-0.1334697,0.9901148
512.1922,305,76,1,0.0530182,0.08166172,-0.05658376,-0.04327799,-0.1343085,0.989994
512.209,304,73,1,0.0531056,0.08165012,-0.05658885,-0.04347218,-0.1351134,0.989876
512.2253,304,71,1,0.05319057,0.0816389,-0.0565927,-0.04365422,-0.1358889,0.9897618
512.2428,303,70,1,0.05321281,0.08163244,-0.05659499,-0.04389831,-0.1364643,0.9896719
512.2582,303,68,1,0.053235,0.08162715,-0.05659691,-0.04412868,-0.1370186,0.989585
512.2766,302,67,1,0.05324905,0.08162082,-0.05659917,-0.04440911,-0.1374172,0.9895172
512.293,301,66,1,0.05326186,0.08161297,-0.05660205,-0.04468128,-0.1377983,0.989452
512.3082,300,65,1,0.05324657,0.08160476,-0.05660084,-0.04500585,-0.1380852,0.9893972
512.3253,299,64,1,0.05323374,0.0816045,-0.0566025,-0.04533004,-0.1383765,0.9893419
512.3419,298,64,1,0.05319704,0.08160902,-0.05659851,-0.04568467,-0.1385022,0.9893079
512.3586,297,64,1,0.0531629,0.08161526,-0.05659362,-0.0460261,-0.1385919,0.9892794
512.3758,296,63,1,0.0531133,0.08161423,-0.05659134,-0.04639164,-0.1386394,0.9892557
512.3937,295,63,1,0.05306537,0.08161585,-0.05659285,-0.04674733,-0.1387151,0.9892284
512.4086,294,63,1,0.05300324,0.08162486,-0.05658957,-0.04710905,-0.1387236,0.98921
512.4261,293,63,1,0.05294606,0.08163304,-0.05658536,-0.04744205,-0.1386931,0.9891984
512.4431,292,63,1,0.05284021,0.08164104,-0.05658333,-0.04777344,-0.1386704,0.9891856
512.4601,291,63,1,0.05273844,0.08164526,-0.05658232,-0.04809749,-0.1386628,0.989171
512.4762,290,63,1,0.0525814,0.08165567,-0.0565791,-0.04845692,-0.1386457,0.9891559
512.4928,289,63,1,0.05243305,0.08166616,-0.05657291,-0.04880966,-0.1386141,0.989143
512.5089,288,64,1,0.05225665,0.08167701,-0.05656549,-0.04918389,-0.1385136,0.9891385
512.5264,287,64,1,0.05209014,0.08168641,-0.05655716,-0.04954644,-0.1384335,0.9891316
512.5435,286,64,1,0.05189995,0.08169787,-0.05654751,-0.04990319,-0.1383162,0.9891301
512.5596,284,65,1,0.05171967,0.08170552,-0.05653563,-0.0502433,-0.1381983,0.9891294
512.5762,283,65,1,0.0515818,0.08171319,-0.05652759,-0.05058672,-0.1381042,0.989125
512.5933,282,65,1,0.05145447,0.08172338,-0.05651154,-0.05090896,-0.1379971,0.9891235
512.6094,281,66,1,0.05135747,0.08172965,-0.0564939,-0.05125041,-0.1378776,0.9891225
512.6265,280,66,1,0.05126651,0.08173257,-0.0564751,-0.05157962,-0.1377964,0.9891165
512.646,280,66,1,0.05120197,0.0817333,-0.05645598,-0.0518976,-0.1377506,0.9891064
512.6597,279,66,1,0.05114381,0.08173527,-0.05643591,-0.0522071,-0.1377194,0.9890944
512.6755,278,66,1,0.05110741,0.08173356,-0.05641346,-0.05248806,-0.1376652,0.9890871
512.6918,277,66,1,0.05107515,0.08173101,-0.05638831,-0.05274718,-0.1376175,0.98908
512.7077,276,66,1,0.05105225,0.08172555,-0.0563606,-0.05297632,-0.1375506,0.989077
512.7261,276,67,1,0.05103269,0.08172154,-0.05633382,-0.0532009,-0.1374878,0.9890736
512.744,275,67,1,0.05100663,0.08171695,-0.05630626,-0.05340523,-0.1374049,0.9890742
512.7574,275,67,1,0.05098577,0.08171222,-0.05627929,-0.05360729,-0.1373312,0.9890735
512.7741,274,67,1,0.05098308,0.0817057,-0.05624937,-0.05382382,-0.1372442,0.9890739
512.7917,273,68,1,0.05098288,0.08169951,-0.05621942,-0.05403138,-0.1371506,0.9890755
512.808,273,68,1,0.05100991,0.0816917,-0.05618942,-0.05424123,-0.137033,0.9890803
512.8246,272,68,1,0.05104052,0.08168584,-0.05615928,-0.05443705,-0.1369258,0.9890844
512.8416,272,68,1,0.05107569,0.08168162,-0.05612803,-0.05457472,-0.1370589,0.9890584
512.8577,272,67,1,0.05111121,0.08167855,-0.0560976,-0.05470013,-0.1371744,0.9890354
512.8757,271,67,1,0.05117921,0.08166999,-0.05606833,-0.05481781,-0.1373682,0.989002
512.8939,271,66,1,0.05124888,0.0816636,-0.05603915,-0.05492743,-0.1375587,0.9889694
512.9071,271,66,1,0.05132251,0.0816595,-0.05601062,-0.05504389,-0.1377986,0.9889296
512.9252,271,65,1,0.05139464,0.08165073,-0.05598153,-0.05515494,-0.1380261,0.9888917
512.9414,270,64,1,0.05149236,0.08164158,-0.05595298,-0.05527437,-0.1382965,0.9888473
512.9575,270,64,1,0.05158718,0.0816328,-0.05592253,-0.05539237,-0.1385512,0.9888049
512.9742,270,63,1,0.05167562,0.08162037,-0.05589331,-0.05551111,-0.1388378,0.9887581
512.9919,270,62,1,0.05176188,0.08160881,-0.05586463,-0.05563458,-0.139123,0.9887111
513.0082,269,61,1,0.05188154,0.08159509,-0.05583434,-0.0557749,-0.1394187,0.9886615
513.0251,269,60,1,0.0519976,0.08158337,-0.05580775,-0.05592392,-0.1397029,0.988613
513.0422,268,59,1,0.05211931,0.08157144,-0.0557785,-0.05627467,-0.1400237,0.9885477
513.0605,267,58,1,0.05223673,0.08155752,-0.05575096,-0.05662097,-0.140335,0.9884837
513.0761,266,57,1,0.05235204,0.08154288,-0.05572367,-0.05703495,-0.1407267,0.9884043
513.093,265,56,1,0.0524648,0.08152863,-0.05569651,-0.05743674,-0.1411107,0.9883263
513.1093,264,55,1,0.05257202,0.08151248,-0.0556679,-0.05786113,-0.1415392,0.9882402
